rank,champion,tier,role,win_rate,pick_rate,ban_rate,counter1,counter2,counter3
1,Darius,1,top,0.5173,0.0757,0.1457,Teemo,Kennen,Quinn
2,Cassiopeia,1,top,0.5686,0.0103,0.0075,,,
3,Irelia,1,top,0.5164,0.061799999999999994,0.1436,Trundle,Cho'Gath,Poppy
4,Riven,1,top,0.5236999999999999,0.048,0.028300000000000002,Poppy,Kennen,Gnar
5,Urgot,1,top,0.535,0.0239,0.0039000000000000003,Malphite,Ornn,Irelia
6,Sett,2,top,0.5118,0.0513,0.0088,Singed,Riven,Cho'Gath
7,Aatrox,2,top,0.49479999999999996,0.0852,0.0946,Udyr,Kled,Heimerdinger
8,Gnar,2,top,0.5099,0.0464,0.0246,Teemo,Sett,Gwen
9,Cho'Gath,2,top,0.5183,0.0338,0.0058,Malphite,Trundle,Kayle
10,Mordekaiser,2,top,0.5069,0.0504,0.049800000000000004,Gnar,Teemo,Sylas
11,Camille,2,top,0.5146999999999999,0.037200000000000004,0.0174,Poppy,Sion,Fiora
12,Trundle,2,top,0.5309,0.018799999999999997,0.0048,Camille,Mordekaiser,Riven
13,Tryndamere,2,top,0.5277000000000001,0.0206,0.0137,Gnar,Ambessa,Jax
14,Olaf,2,top,0.5315,0.0176,0.012199999999999999,Gnar,Volibear,Urgot
15,Jax,2,top,0.5036999999999999,0.046,0.07719999999999999,Yorick,Gnar,Teemo
16,Maokai,2,top,0.5017,0.0496,0.03,Warwick,Yorick,Kled
17,Renekton,2,top,0.4946,0.0649,0.049100000000000005,Urgot,Nasus,Cho'Gath
18,Gragas,2,top,0.5052,0.042199999999999994,0.0199,Cho'Gath,Fiora,Sion
19,Fiora,3,top,0.5055,0.039,0.0706,Tahm Kench,Vladimir,Ambessa
20,Warwick,3,top,0.5106,0.0273,0.0668,Ornn,Dr. Mundo,Trundle
21,Teemo,3,top,0.5205,0.021,0.0329,Ambessa,Gragas,Garen
22,Ambessa,3,top,0.4921,0.0509,0.1991,Trundle,Pantheon,Warwick
23,K'Sante,3,top,0.483,0.08070000000000001,0.09,Cassiopeia,Swain,Trundle
24,Malphite,3,top,0.5034000000000001,0.0374,0.059699999999999996,Warwick,Shen,Garen
25,Kayle,3,top,0.5221,0.019,0.0068000000000000005,Ambessa,Sett,Malphite
26,Volibear,3,top,0.49570000000000003,0.0435,0.0292,Akali,Kayle,Tryndamere
27,Jayce,3,top,0.47619999999999996,0.0857,0.0533,Cho'Gath,Urgot,Quinn
28,Singed,3,top,0.5188,0.0182,0.0027,Gnar,Fiora,Garen
29,Sion,3,top,0.4932,0.0471,0.006500000000000001,Ambessa,Aurora,Mordekaiser
30,Kled,4,top,0.5189,0.0168,0.0048,Ambessa,Irelia,Ornn
31,Vladimir,4,top,0.5065999999999999,0.0232,0.0167,Sett,Sion,Aatrox
32,Garen,4,top,0.4907,0.043,0.0209,Camille,Irelia,Fiora
33,Ornn,4,top,0.4936,0.038900000000000004,0.0060999999999999995,Olaf,Aurora,Shen
34,Akali,4,top,0.5108,0.0161,0.018500000000000003,Gragas,Jax,Irelia
35,Shen,4,top,0.49420000000000003,0.0335,0.0043,Gragas,Camille,Urgot
36,Rumble,4,top,0.5054,0.0206,0.0073,Ornn,Sett,Jax
37,Tahm Kench,4,top,0.4943,0.0281,0.0403,Ambessa,Tryndamere,Aatrox
38,Yorick,4,top,0.5024000000000001,0.022000000000000002,0.0245,Tahm Kench,Gangplank,Renekton
39,Wukong,4,top,0.5171,0.0113,0.0075,Ambessa,,
40,Gangplank,4,top,0.49340000000000006,0.030299999999999997,0.0115,Rumble,Cho'Gath,Camille
41,Gwen,4,top,0.49060000000000004,0.032,0.025099999999999997,Fiora,Warwick,Zac
42,Heimerdinger,4,top,0.5233,0.0089,0.0051,,,
43,Kennen,4,top,0.5075999999999999,0.0158,0.009899999999999999,Irelia,Renekton,Gnar
44,Pantheon,4,top,0.49810000000000004,0.0213,0.0051,Volibear,Maokai,Mordekaiser
45,Poppy,4,top,0.5,0.0178,0.0319,Mordekaiser,Sion,Maokai
46,Yone,4,top,0.47240000000000004,0.05,0.037000000000000005,Malphite,Urgot,Vladimir
47,Dr. Mundo,4,top,0.4819,0.0339,0.0183,Gwen,Shen,Ornn
48,Quinn,4,top,0.524,0.0068000000000000005,0.0027,,,
49,Illaoi,5,top,0.4903,0.020099999999999996,0.045700000000000005,Garen,Jax,Ornn
50,Aurora,5,top,0.4854,0.018600000000000002,0.0382,Darius,Jayce,Sett
51,Vayne,5,top,0.511,0.0078000000000000005,0.0044,K'Sante,,
52,Yasuo,5,top,0.4794,0.0203,0.0349,Riven,Darius,Fiora
53,Zac,5,top,0.4929,0.0123,0.0074,Maokai,K'Sante,Aatrox
54,Nasus,5,top,0.4824,0.018500000000000003,0.0259,K'Sante,Gnar,Sion
55,Ryze,5,top,0.5005,0.009300000000000001,0.0011,Teemo,Irelia,
1,Viego,1,jungle,0.51,0.19879999999999998,0.1543,Teemo,Amumu,Gwen
2,Wukong,1,jungle,0.5233,0.0868,0.0572,Rek'Sai,Lillia,Udyr
3,Lee Sin,1,jungle,0.5047,0.1925,0.1435,Ivern,Warwick,Zyra
4,Amumu,2,jungle,0.5285,0.030899999999999997,0.0158,Diana,Zac,Nunu & Willump
5,Gwen,2,jungle,0.5432,0.0125,0.0097,Skarner,Diana,Lee Sin
6,Nocturne,2,jungle,0.516,0.0546,0.0701,Gwen,Amumu,Bel'Veth
7,Diana,2,jungle,0.5171,0.048,0.0123,Volibear,Master Yi,Skarner
8,Warwick,2,jungle,0.5196000000000001,0.0351,0.0851,Kindred,Amumu,Hecarim
9,Skarner,2,jungle,0.5165,0.0446,0.1093,Briar,Lillia,Master Yi
10,Hecarim,2,jungle,0.5112,0.0536,0.039900000000000005,Sejuani,Amumu,Bel'Veth
11,Jarvan IV,2,jungle,0.508,0.0555,0.0158,Gwen,Volibear,Nidalee
12,Nunu & Willump,2,jungle,0.5166,0.034,0.009300000000000001,Talon,Warwick,Fiddlesticks
13,Graves,2,jungle,0.4916,0.11800000000000001,0.163,Ivern,Bel'Veth,Zyra
14,Xin Zhao,2,jungle,0.5123,0.0412,0.0072,Nocturne,Udyr,Kindred
15,Lillia,2,jungle,0.5071,0.041100000000000005,0.0347,Rengar,Xin Zhao,Diana
16,Bel'Veth,2,jungle,0.5115,0.0301,0.056900000000000006,Nunu & Willump,Jarvan IV,Wukong
17,Udyr,3,jungle,0.5091,0.0281,0.0264,Amumu,Rengar,Hecarim
18,Volibear,3,jungle,0.5139,0.0203,0.013500000000000002,Ekko,Zac,Shaco
19,Kindred,3,jungle,0.5034000000000001,0.0369,0.0333,Skarner,Karthus,Briar
20,Karthus,3,jungle,0.4997,0.0364,0.0934,Taliyah,Xin Zhao,Udyr
21,Fiddlesticks,3,jungle,0.5088,0.0216,0.0127,Nocturne,Elise,Xin Zhao
22,Kha'Zix,3,jungle,0.4877,0.0655,0.0553,Ivern,Nocturne,Wukong
23,Talon,3,jungle,0.5056,0.0225,0.0068000000000000005,Rengar,Hecarim,Lillia
24,Elise,3,jungle,0.4854,0.0562,0.0684,Taliyah,Warwick,Nocturne
25,Kayn,3,jungle,0.485,0.0592,0.0464,Fiddlesticks,Shyvana,Evelynn
26,Briar,3,jungle,0.501,0.0242,0.021400000000000002,Master Yi,Kayn,Vi
27,Rek'Sai,4,jungle,0.5044,0.018500000000000003,0.009000000000000001,Nunu & Willump,Skarner,Diana
28,Vi,4,jungle,0.4829,0.059500000000000004,0.0171,Kindred,Gragas,Kayn
29,Ekko,4,jungle,0.4875,0.0424,0.0078000000000000005,Amumu,Kha'Zix,Skarner
30,Zyra,4,jungle,0.5031,0.0171,0.0118,Wukong,Karthus,Nidalee
31,Zac,4,jungle,0.48710000000000003,0.0354,0.021099999999999997,Diana,Lillia,Evelynn
32,Master Yi,4,jungle,0.4855,0.0366,0.0575,Sejuani,Evelynn,Talon
33,Ivern,4,jungle,0.5003,0.0139,0.0083,Shaco,Karthus,Hecarim
34,Nidalee,4,jungle,0.4756,0.048499999999999995,0.044800000000000006,Udyr,Kindred,Briar
35,Evelynn,4,jungle,0.4916,0.0203,0.0319,Skarner,Jarvan IV,Nocturne
36,Taliyah,4,jungle,0.49369999999999997,0.0171,0.0044,Zac,Skarner,Wukong
37,Rengar,5,jungle,0.48310000000000003,0.026699999999999998,0.0495,Hecarim,Nocturne,Fiddlesticks
38,Poppy,5,jungle,0.5044,0.0066,0.011699999999999999,,,
39,Shaco,5,jungle,0.46659999999999996,0.0429,0.136,Bel'Veth,Lillia,Kindred
40,Shyvana,5,jungle,0.48479999999999995,0.0129,0.0031,Nocturne,Hecarim,Viego
41,Teemo,5,jungle,0.49729999999999996,0.0055000000000000005,0.0086,Lee Sin,,
42,Sejuani,5,jungle,0.4718,0.0213,0.0026,Wukong,Ekko,Lee Sin
43,Qiyana,5,jungle,0.48969999999999997,0.0067,0.0016,Viego,Lee Sin,
44,Rammus,5,jungle,0.4813,0.010700000000000001,0.0252,Viego,,
45,Pantheon,5,jungle,0.4867,0.0073,0.0017000000000000001,Graves,Viego,Lee Sin
46,Zed,5,jungle,0.4747,0.011399999999999999,0.0242,Wukong,Lee Sin,Elise
47,Gragas,5,jungle,0.46020000000000005,0.0258,0.012,Kindred,Xin Zhao,Bel'Veth
48,Ambessa,5,jungle,0.46909999999999996,0.0072,0.028300000000000002,Wukong,Graves,Viego
1,Viktor,1,mid,0.5033,0.1384,0.33390000000000003,Naafiri,Zoe,Neeko
2,Cassiopeia,1,mid,0.5398,0.0216,0.0159,Irelia,Zed,Vladimir
3,Zoe,1,mid,0.5322,0.0297,0.0134,Ekko,Malzahar,Syndra
4,Sylas,1,mid,0.5044,0.10679999999999999,0.09230000000000001,Cassiopeia,Malzahar,Neeko
5,Lux,1,mid,0.5207999999999999,0.037200000000000004,0.013999999999999999,Azir,Zoe,Cassiopeia
6,Irelia,1,mid,0.5158,0.0381,0.08869999999999999,Azir,Veigar,Swain
7,Galio,1,mid,0.513,0.053099999999999994,0.0373,Lux,Qiyana,Corki
8,Ahri,1,mid,0.49979999999999997,0.09849999999999999,0.0352,Zoe,Ekko,Kennen
9,Neeko,1,mid,0.5461,0.0089,0.0025,Aurora,,
10,Syndra,2,mid,0.5057,0.0637,0.0384,Twisted Fate,Anivia,Qiyana
11,Vladimir,2,mid,0.5149,0.0356,0.025699999999999997,Syndra,Kassadin,Ekko
12,Xerath,2,mid,0.5164,0.0302,0.0245,Talon,Zoe,Irelia
13,Akali,2,mid,0.4951,0.08380000000000001,0.0966,Naafiri,Aurelion Sol,Xerath
14,Taliyah,2,mid,0.5253,0.0197,0.0051,Akshan,Katarina,Galio
15,Garen,2,mid,0.5488000000000001,0.0054,0.0026,,,
16,Kayle,2,mid,0.5458,0.0063,0.0022,,,
17,Malzahar,2,mid,0.5115999999999999,0.0336,0.0333,Lissandra,Galio,Twisted Fate
18,Lissandra,2,mid,0.5123,0.0318,0.0144,Twisted Fate,Sylas,Cassiopeia
19,Aurora,2,mid,0.49700000000000005,0.058499999999999996,0.1198,Lux,Malzahar,Qiyana
20,Vex,2,mid,0.5093,0.0348,0.0526,Vladimir,Lux,Akshan
21,LeBlanc,2,mid,0.49560000000000004,0.0584,0.2102,Kassadin,Ekko,Cassiopeia
22,Akshan,2,mid,0.5107,0.028300000000000002,0.0245,Anivia,Vladimir,Yasuo
23,Veigar,2,mid,0.5126,0.0248,0.004699999999999999,Syndra,Zed,Yasuo
24,Hwei,2,mid,0.4917,0.06480000000000001,0.056900000000000006,Katarina,Cassiopeia,Aurelion Sol
25,Yasuo,2,mid,0.4865,0.0706,0.1216,Xerath,Vel'Koz,Aurelion Sol
26,Katarina,2,mid,0.4867,0.0758,0.0662,Cassiopeia,Aurelion Sol,Lissandra
27,Ambessa,2,mid,0.5273,0.0069,0.027000000000000003,,,
28,Qiyana,2,mid,0.5085999999999999,0.0241,0.0058,Vex,Xerath,LeBlanc
29,Anivia,3,mid,0.5093,0.0212,0.0147,Malzahar,Aurora,Lux
30,Talon,3,mid,0.4989,0.0336,0.0103,Ryze,Irelia,Qiyana
31,Vel'Koz,3,mid,0.5177,0.0125,0.0025,Hwei,Sylas,Syndra
32,Ekko,3,mid,0.4996,0.0273,0.005,Lissandra,Aurora,Xerath
33,Zed,3,mid,0.48200000000000004,0.0572,0.1225,Vex,Vladimir,Taliyah
34,Annie,3,mid,0.5192,0.0098,0.0017000000000000001,Katarina,Sylas,Syndra
35,Swain,3,mid,0.5049,0.018500000000000003,0.0084,Hwei,Zed,Ahri
36,Kassadin,3,mid,0.49939999999999996,0.024300000000000002,0.0291,Irelia,Galio,Lux
37,Orianna,3,mid,0.48450000000000004,0.044500000000000005,0.0089,Ryze,Cassiopeia,Diana
38,Ryze,3,mid,0.4974,0.023,0.0028000000000000004,Galio,Katarina,Viktor
39,Aurelion Sol,3,mid,0.5005,0.0183,0.005699999999999999,Vladimir,Veigar,Lux
40,Yone,3,mid,0.46950000000000003,0.0721,0.0535,Lissandra,Akshan,Xerath
41,Fizz,3,mid,0.48829999999999996,0.026600000000000002,0.0288,Ryze,Veigar,Galio
42,Kennen,3,mid,0.5179,0.005600000000000001,0.0034999999999999996,Sylas,,
43,Diana,3,mid,0.484,0.0254,0.0066,Cassiopeia,Vex,Hwei
44,Twisted Fate,3,mid,0.48460000000000003,0.0254,0.0026,Orianna,Lux,Ekko
45,Azir,3,mid,0.4849,0.0219,0.0032,LeBlanc,Galio,Vladimir
46,Cho'Gath,3,mid,0.5097999999999999,0.0054,0.0009,Viktor,,
47,Brand,3,mid,0.5104,0.0051,0.0026,Viktor,,
48,Pantheon,3,mid,0.5036,0.0067,0.0016,Sylas,Yone,
49,Naafiri,3,mid,0.49570000000000003,0.0102,0.0034999999999999996,Ahri,,
50,Corki,3,mid,0.4914,0.011200000000000002,0.0074,Aurora,LeBlanc,Ahri
51,Gragas,4,mid,0.4902,0.0089,0.0042,Ahri,Katarina,
52,Malphite,4,mid,0.49229999999999996,0.0063,0.01,Sylas,,
53,Ziggs,4,mid,0.4943,0.006,0.002,Viktor,,
54,Renekton,4,mid,0.49520000000000003,0.0051,0.0038,,,
55,Jayce,4,mid,0.4619,0.0192,0.011899999999999999,LeBlanc,Galio,Sylas
1,Miss Fortune,1,adc,0.5253,0.1149,0.0398,Seraphine,Hwei,Corki
2,Corki,1,adc,0.5223,0.0818,0.054400000000000004,Viktor,Nilah,Vayne
3,Jinx,1,adc,0.5065999999999999,0.1827,0.037000000000000005,Lux,Veigar,Varus
4,Viktor,2,adc,0.5221,0.0196,0.0475,Samira,Draven,Kai'Sa
5,Vayne,2,adc,0.5207,0.037200000000000004,0.021099999999999997,Samira,Aphelios,Draven
6,Ezreal,2,adc,0.4915,0.19010000000000002,0.057800000000000004,Lux,Nilah,Kog'Maw
7,Caitlyn,2,adc,0.49060000000000004,0.1753,0.24969999999999998,Nilah,Ziggs,Brand
8,Varus,3,adc,0.5043,0.075,0.0184,Hwei,Tristana,Viktor
9,Seraphine,3,adc,0.5373,0.009399999999999999,0.0019,Smolder,Draven,Jinx
10,Lux,3,adc,0.5342,0.0105,0.004,Corki,Kai'Sa,
11,Kog'Maw,3,adc,0.5241,0.0209,0.0101,Aphelios,Lucian,Caitlyn
12,Jhin,3,adc,0.485,0.18100000000000002,0.0277,Brand,Lux,Samira
13,Draven,3,adc,0.5009,0.0646,0.2643,Twitch,Swain,Zeri
14,Nilah,3,adc,0.5242,0.0174,0.0319,Xayah,Jinx,Ashe
15,Xayah,3,adc,0.5117,0.0374,0.0058,Vayne,Zeri,Sivir
16,Veigar,3,adc,0.5422,0.0054,0.001,Ashe,,
17,Twitch,3,adc,0.5108,0.0362,0.0192,Kog'Maw,Corki,Kai'Sa
18,Ashe,3,adc,0.4817,0.1611,0.2029,Swain,Seraphine,Twitch
19,Kai'Sa,3,adc,0.4889,0.1243,0.0132,Seraphine,Nilah,Samira
20,Sivir,3,adc,0.5052,0.043899999999999995,0.0079,Kog'Maw,Viktor,Vayne
21,Lucian,3,adc,0.5001,0.0536,0.008100000000000001,Viktor,Xayah,Samira
22,Kalista,3,adc,0.49939999999999996,0.0418,0.021,Vayne,Corki,Smolder
23,Samira,3,adc,0.4993,0.041299999999999996,0.0434,Xayah,Sivir,Miss Fortune
24,Ziggs,3,adc,0.5127,0.018500000000000003,0.0064,Smolder,Kai'Sa,Sivir
25,Tristana,4,adc,0.4988,0.032400000000000005,0.0034999999999999996,Smolder,Vayne,Aphelios
26,Hwei,4,adc,0.5093,0.013300000000000001,0.011699999999999999,Corki,Kai'Sa,Ashe
27,Zeri,4,adc,0.4961,0.0278,0.0025,Tristana,Varus,Vayne
28,Swain,4,adc,0.505,0.0144,0.0066,Jhin,Miss Fortune,Ezreal
29,Brand,4,adc,0.5157,0.0067,0.0034000000000000002,Ezreal,Jinx,
30,Yasuo,4,adc,0.5038,0.01,0.0173,Jinx,Corki,Kai'Sa
31,Aphelios,5,adc,0.4757,0.045700000000000005,0.0060999999999999995,Corki,Swain,Varus
32,Smolder,5,adc,0.47490000000000004,0.0348,0.014499999999999999,Vayne,Viktor,Kog'Maw
33,Karthus,5,adc,0.4975,0.0079,0.0206,Draven,Jhin,Jinx
1,Lulu,1,support,0.5157,0.1467,0.1837,Sylas,Vel'Koz,Zoe
2,Janna,1,support,0.5285,0.0703,0.0274,Zyra,Elise,Seraphine
3,Rell,1,support,0.5181,0.0754,0.0319,Taric,Janna,Maokai
4,Nami,1,support,0.5123,0.09359999999999999,0.0083,Zoe,Taric,Blitzcrank
5,Thresh,1,support,0.5036999999999999,0.1282,0.053200000000000004,Sona,Renata Glasc,Brand
6,Braum,1,support,0.5168,0.0694,0.0662,Poppy,Soraka,Galio
7,Senna,1,support,0.5231,0.051100000000000007,0.015,Poppy,Vel'Koz,Zilean
8,Karma,2,support,0.4986,0.1093,0.0437,Braum,Shaco,Seraphine
9,Poppy,2,support,0.5196999999999999,0.0385,0.0674,Maokai,Janna,Seraphine
10,Maokai,2,support,0.5253,0.0294,0.0174,Soraka,Janna,Tahm Kench
11,Taric,2,support,0.5367999999999999,0.0178,0.0036,Braum,Alistar,Senna
12,Soraka,2,support,0.51,0.045700000000000005,0.0166,Swain,Bard,Xerath
13,Pyke,2,support,0.48960000000000004,0.084,0.34869999999999995,Maokai,Taric,Rell
14,Elise,2,support,0.5239,0.0208,0.025,Maokai,Senna,Leona
15,Alistar,2,support,0.5103,0.041100000000000005,0.013600000000000001,Elise,Morgana,Pantheon
16,Nautilus,2,support,0.4865,0.0983,0.1247,Shaco,Renata Glasc,Hwei
17,Vel'Koz,2,support,0.5169,0.0275,0.0055000000000000005,Zyra,Pyke,Sona
18,Milio,3,support,0.4991,0.0537,0.027000000000000003,Morgana,Senna,Pantheon
19,Blitzcrank,3,support,0.4951,0.057999999999999996,0.17579999999999998,Sona,Taric,Senna
20,Tahm Kench,3,support,0.5023,0.0416,0.058499999999999996,Alistar,Nami,Blitzcrank
21,Seraphine,3,support,0.5049,0.0348,0.0069,Xerath,Bard,Zilean
22,Sona,3,support,0.5147999999999999,0.0226,0.0013,Janna,Pyke,Leona
23,Lux,3,support,0.4914,0.0593,0.0219,Taric,Alistar,Bard
24,Leona,3,support,0.4882,0.0613,0.049699999999999994,Tahm Kench,Zilean,Renata Glasc
25,Zyra,3,support,0.5046,0.028399999999999998,0.019299999999999998,Seraphine,Soraka,Yuumi
26,Bard,3,support,0.491,0.049699999999999994,0.0074,Maokai,Poppy,Thresh
27,Renata Glasc,3,support,0.5027,0.025,0.0036,Braum,Nami,Karma
28,Neeko,4,support,0.5039,0.021400000000000002,0.006,Seraphine,Poppy,Janna
29,Rakan,4,support,0.4794,0.0562,0.0060999999999999995,Seraphine,Taric,Tahm Kench
30,Xerath,4,support,0.4889,0.0321,0.0255,Milio,Alistar,Nautilus
31,Morgana,4,support,0.4901,0.028999999999999998,0.0922,Maokai,Soraka,Zyra
32,Zilean,4,support,0.491,0.023700000000000002,0.0074,Milio,Pyke,Janna
33,Galio,4,support,0.5143,0.0076,0.0052,Rell,Karma,
34,Shaco,4,support,0.49920000000000003,0.0129,0.0404,Rell,Janna,Rakan
35,Zac,4,support,0.5203,0.0051,0.003,Lulu,,
36,Pantheon,4,support,0.4921,0.0177,0.0040999999999999995,Janna,Karma,Nautilus
37,Yuumi,4,support,0.4696,0.0462,0.0696,Sona,Braum,Elise
38,Zoe,5,support,0.49770000000000003,0.0087,0.0038,Nautilus,Thresh,Karma
39,Swain,5,support,0.4625,0.0197,0.0088,Milio,Pyke,Nami
40,Brand,5,support,0.4632,0.0154,0.0078000000000000005,Janna,Lulu,Nami
41,Camille,5,support,0.48,0.005600000000000001,0.0026,,,
42,LeBlanc,5,support,0.467,0.0078000000000000005,0.0274,Pyke,Thresh,Lulu
43,Sylas,5,support,0.4558,0.0123,0.0104,Janna,Rakan,Nami
44,Hwei,5,support,0.4672,0.008,0.0068000000000000005,Lulu,Thresh,Karma
45,Shen,5,support,0.4714,0.005,0.0006,Thresh,,
