player_id,region,date,champion,level,team,result,match_length_mins,kill,death,assist,kda_ratio,kill_participation,laning,cs,cs_per_min,avg_tier,teammates1,team_champ1,teammates2,team_champ2,teammates3,team_champ3,teammates4,team_champ4,oppmates1,opp_champ1,oppmates2,opp_champ2,oppmates3,opp_champ3,oppmates4,opp_champ4,oppmates5,opp_champ5,total_games,wins,losses,win_rate,avg_kills,avg_deaths,avg_assists,kda_ratio_profile,kill_participation_profile,most_champ_1,WR_1,W_1,L_1,KDA_1,most_champ_2,WR_2,W_2,L_2,KDA_2,most_champ_3,WR_3,W_3,L_3,KDA_3,TOP,JUNGLE,MID,ADC,SUPPORT,most_role_1,most_role_2,most_role_1_value,most_role_2_value,season_champ_1,cs_ssn_1,cpm_ssn_1,kda_ssn_1,k_ssn_1,d_ssn_1,a_ssn_1,wr_ssn_1,games_ssn_1,season_champ_2,cs_ssn_2,cpm_ssn_2,kda_ssn_2,k_ssn_2,d_ssn_2,a_ssn_2,wr_ssn_2,games_ssn_2,season_champ_3,cs_ssn_3,cpm_ssn_3,kda_ssn_3,k_ssn_3,d_ssn_3,a_ssn_3,wr_ssn_3,games_ssn_3,season_champ_4,cs_ssn_4,cpm_ssn_4,kda_ssn_4,k_ssn_4,d_ssn_4,a_ssn_4,wr_ssn_4,games_ssn_4,season_champ_5,cs_ssn_5,cpm_ssn_5,kda_ssn_5,k_ssn_5,d_ssn_5,a_ssn_5,wr_ssn_5,games_ssn_5,season_champ_6,cs_ssn_6,cpm_ssn_6,kda_ssn_6,k_ssn_6,d_ssn_6,a_ssn_6,wr_ssn_6,games_ssn_6,season_champ_7,cs_ssn_7,cpm_ssn_7,kda_ssn_7,k_ssn_7,d_ssn_7,a_ssn_7,wr_ssn_7,games_ssn_7,7d_champ_1,7d_total_1,7d_W_1,7d_L_1,7d_WR_1,7d_champ_2,7d_total_2,7d_W_2,7d_L_2,7d_WR_2,7d_champ_3,7d_total_3,7d_W_3,7d_L_3,7d_WR_3,mastery_champ_1,m_lv_1,mastery_champ_2,m_lv_2,mastery_champ_3,m_lv_3,mastery_champ_4,m_lv_4,mastery_champ_5,m_lv_5,mastery_champ_6,m_lv_6,mastery_champ_7,m_lv_7,mastery_champ_8,m_lv_8,mastery_champ_9,m_lv_9,mastery_champ_10,m_lv_10,mastery_champ_11,m_lv_11,mastery_champ_12,m_lv_12,mastery_champ_13,m_lv_13,mastery_champ_14,m_lv_14,mastery_champ_15,m_lv_15,mastery_champ_16,m_lv_16
Agurin-EUW,euw,"Fri, Jan 10, 2025 3:05 AM",Elise,17,red,0,30.12,4,7,8,1.71,0.57,0.67,249,8.3,4,RaiderGO #2004,Camille,Toto The Totoro #Toffe,Aurora,regate #EUW3,Karthus,성진우 #789,Lee Sin,Top Steve #000,Illaoi,MANATY #LPLKR,Wukong,RKR #123,Viktor,Keduii #GOAT,Corki,Dekap #EUW,Senna,20,11,9,0.55,5.8,4.5,7.0,2.84,0.56,Wukong,0.5,5,5,2.06,Elise,0.67,4,2,3.32,Jarvan IV,0.5,1,1,8.67,0.05,0.95,0.0,0.0,0.0,JUNGLE,TOP,0.95,0.05,Wukong,192.1,7.4,1.98,5.4,5.0,4.5,0.5,8,Elise,228.2,7.8,3.05,6.8,4.4,6.6,0.6,5,Karma,119,6.3,3.5,1.0,2.0,6.0,1.0,1,Kha'Zix,244,7,1.38,3.0,8.0,8.0,0.0,1,Jarvan IV,288,7.2,6,6.0,4.0,18.0,0.0,1,,0,0,0,0,0,0,0.0,0,,0,0,0,0,0,0,0.0,0,Wukong,25,14,11,0.56,Elise,12,8,4,0.67,Jarvan IV,8,5,3,0.63,Elise,171,Kha'Zix,162,Jarvan IV,129,Shyvana,51,Nocturne,46,Evelynn,40,Wukong,29,Ezreal,25,Brand,25,Diana,16,Karma,15,Gragas,13,Zyra,12,Neeko,12,Ahri,10,,0
Agurin-EUW,euw,"Fri, Jan 10, 2025 2:18 AM",Elise,15,red,0,28.63,8,4,3,2.75,0.55,1.44,208,7.3,4,RaiderGO #2004,Camille,casablanca #77777,Irelia,FlickeR #1337,Corki,Obstinatus #999,Leona,Top Steve #000,Illaoi,MANATY #LPLKR,Poppy,RKR #123,Viktor,Keduii #GOAT,Caitlyn,성진우 #789,Lee Sin,20,11,9,0.55,5.8,4.5,7.0,2.84,0.56,Wukong,0.5,5,5,2.06,Elise,0.67,4,2,3.32,Jarvan IV,0.5,1,1,8.67,0.05,0.95,0.0,0.0,0.0,JUNGLE,TOP,0.95,0.05,Wukong,192.1,7.4,1.98,5.4,5.0,4.5,0.5,8,Elise,228.2,7.8,3.05,6.8,4.4,6.6,0.6,5,Karma,119,6.3,3.5,1.0,2.0,6.0,1.0,1,Kha'Zix,244,7,1.38,3.0,8.0,8.0,0.0,1,Jarvan IV,288,7.2,6,6.0,4.0,18.0,0.0,1,,0,0,0,0,0,0,0.0,0,,0,0,0,0,0,0,0.0,0,Wukong,25,14,11,0.56,Elise,12,8,4,0.67,Jarvan IV,8,5,3,0.63,Elise,171,Kha'Zix,162,Jarvan IV,129,Shyvana,51,Nocturne,46,Evelynn,40,Wukong,29,Ezreal,25,Brand,25,Diana,16,Karma,15,Gragas,13,Zyra,12,Neeko,12,Ahri,10,,0
Agurin-EUW,euw,"Fri, Jan 10, 2025 1:41 AM",Elise,18,red,1,35.83,8,4,6,3.50,0.64,0.67,279,7.8,4,RaiderGO #2004,Jax,RKR #123,LeBlanc,Keduii #GOAT,Caitlyn,성진우 #789,Janna,Po3s #Tilt,Riven,DHVSDHVSDHVSDHVS #321,Lee Sin,cherry blossom #mrzk,Sylas,Fiixing mistakes #EIW,Corki,erdt #EUW,Nautilus,20,11,9,0.55,5.8,4.5,7.0,2.84,0.56,Wukong,0.5,5,5,2.06,Elise,0.67,4,2,3.32,Jarvan IV,0.5,1,1,8.67,0.05,0.95,0.0,0.0,0.0,JUNGLE,TOP,0.95,0.05,Wukong,192.1,7.4,1.98,5.4,5.0,4.5,0.5,8,Elise,228.2,7.8,3.05,6.8,4.4,6.6,0.6,5,Karma,119,6.3,3.5,1.0,2.0,6.0,1.0,1,Kha'Zix,244,7,1.38,3.0,8.0,8.0,0.0,1,Jarvan IV,288,7.2,6,6.0,4.0,18.0,0.0,1,,0,0,0,0,0,0,0.0,0,,0,0,0,0,0,0,0.0,0,Wukong,25,14,11,0.56,Elise,12,8,4,0.67,Jarvan IV,8,5,3,0.63,Elise,171,Kha'Zix,162,Jarvan IV,129,Shyvana,51,Nocturne,46,Evelynn,40,Wukong,29,Ezreal,25,Brand,25,Diana,16,Karma,15,Gragas,13,Zyra,12,Neeko,12,Ahri,10,,0
Agurin-EUW,euw,"Fri, Jan 10, 2025 12:44 AM",Elise,17,blue,1,29.62,10,6,11,3.50,0.72,1.38,211,7.1,4,ârschbert #EUW,Riven,KATEVO #EUW,Yone,yebit #haha,Ziggs,Biotic #123,Zilean,Arrax #ARX,K'Sante,Techoteco #EUW,Nocturne,LoveTheWayItHurt #333,Viktor,블루 마법사 #8090,Caitlyn,MagiFeIiix #EUW,Neeko,20,11,9,0.55,5.8,4.5,7.0,2.84,0.56,Wukong,0.5,5,5,2.06,Elise,0.67,4,2,3.32,Jarvan IV,0.5,1,1,8.67,0.05,0.95,0.0,0.0,0.0,JUNGLE,TOP,0.95,0.05,Wukong,192.1,7.4,1.98,5.4,5.0,4.5,0.5,8,Elise,228.2,7.8,3.05,6.8,4.4,6.6,0.6,5,Karma,119,6.3,3.5,1.0,2.0,6.0,1.0,1,Kha'Zix,244,7,1.38,3.0,8.0,8.0,0.0,1,Jarvan IV,288,7.2,6,6.0,4.0,18.0,0.0,1,,0,0,0,0,0,0,0.0,0,,0,0,0,0,0,0,0.0,0,Wukong,25,14,11,0.56,Elise,12,8,4,0.67,Jarvan IV,8,5,3,0.63,Elise,171,Kha'Zix,162,Jarvan IV,129,Shyvana,51,Nocturne,46,Evelynn,40,Wukong,29,Ezreal,25,Brand,25,Diana,16,Karma,15,Gragas,13,Zyra,12,Neeko,12,Ahri,10,,0
Agurin-EUW,euw,"Fri, Jan 10, 2025 12:02 AM",Jarvan IV,18,blue,0,40.25,6,4,18,6.00,0.67,1.63,288,7.2,4,Ronaldo Nazário #12345,Gragas,KATEVO #EUW,Cassiopeia,edge of night #999,Corki,Biotic #123,Zilean,dastindynamite #EUW,Pantheon,NattyNatt #2005,Lee Sin,yebit #haha,Azir,G2 Hans Sama #12838,Ezreal,G2 Labrov #8085,Leona,20,11,9,0.55,5.8,4.5,7.0,2.84,0.56,Wukong,0.5,5,5,2.06,Elise,0.67,4,2,3.32,Jarvan IV,0.5,1,1,8.67,0.05,0.95,0.0,0.0,0.0,JUNGLE,TOP,0.95,0.05,Wukong,192.1,7.4,1.98,5.4,5.0,4.5,0.5,8,Elise,228.2,7.8,3.05,6.8,4.4,6.6,0.6,5,Karma,119,6.3,3.5,1.0,2.0,6.0,1.0,1,Kha'Zix,244,7,1.38,3.0,8.0,8.0,0.0,1,Jarvan IV,288,7.2,6,6.0,4.0,18.0,0.0,1,,0,0,0,0,0,0,0.0,0,,0,0,0,0,0,0,0.0,0,Wukong,25,14,11,0.56,Elise,12,8,4,0.67,Jarvan IV,8,5,3,0.63,Elise,171,Kha'Zix,162,Jarvan IV,129,Shyvana,51,Nocturne,46,Evelynn,40,Wukong,29,Ezreal,25,Brand,25,Diana,16,Karma,15,Gragas,13,Zyra,12,Neeko,12,Ahri,10,,0
Agurin-EUW,euw,"Thu, Jan 9, 2025 11:15 PM",Kha'Zix,17,blue,0,34.72,3,8,8,1.38,0.55,0.49,244,7.0,4,dastindynamite #EUW,Pantheon,KATEVO #EUW,Viktor,HalfBlood Prince #971,Vayne,ronoh #000,Yuumi,TwTv EUWXYZ #666,Darius,iPaw #154,Wukong,ComboScriptXD #EUW,Katarina,MetroArcher #EUW,Caitlyn,КОМПОТ #ЯГОДА,Rakan,20,11,9,0.55,5.8,4.5,7.0,2.84,0.56,Wukong,0.5,5,5,2.06,Elise,0.67,4,2,3.32,Jarvan IV,0.5,1,1,8.67,0.05,0.95,0.0,0.0,0.0,JUNGLE,TOP,0.95,0.05,Wukong,192.1,7.4,1.98,5.4,5.0,4.5,0.5,8,Elise,228.2,7.8,3.05,6.8,4.4,6.6,0.6,5,Karma,119,6.3,3.5,1.0,2.0,6.0,1.0,1,Kha'Zix,244,7,1.38,3.0,8.0,8.0,0.0,1,Jarvan IV,288,7.2,6,6.0,4.0,18.0,0.0,1,,0,0,0,0,0,0,0.0,0,,0,0,0,0,0,0,0.0,0,Wukong,25,14,11,0.56,Elise,12,8,4,0.67,Jarvan IV,8,5,3,0.63,Elise,171,Kha'Zix,162,Jarvan IV,129,Shyvana,51,Nocturne,46,Evelynn,40,Wukong,29,Ezreal,25,Brand,25,Diana,16,Karma,15,Gragas,13,Zyra,12,Neeko,12,Ahri,10,,0
Agurin-EUW,euw,"Thu, Jan 9, 2025 10:30 PM",Wukong,15,blue,0,26.9,4,3,2,2.00,0.67,1.33,203,7.5,4,Maynter #EUW,Gnar,KATEVO #EUW,Viktor,Deádly #EUW,Caitlyn,Nubobo #EUW,Bard,G2 BrokenBlade #1918,Sylas,G2 SkewMond #3327,Vi,WORLDS2025 #AIS,Orianna,G2 Hans Sama #12838,Corki,G2 Labrov #8085,Blitzcrank,20,11,9,0.55,5.8,4.5,7.0,2.84,0.56,Wukong,0.5,5,5,2.06,Elise,0.67,4,2,3.32,Jarvan IV,0.5,1,1,8.67,0.05,0.95,0.0,0.0,0.0,JUNGLE,TOP,0.95,0.05,Wukong,192.1,7.4,1.98,5.4,5.0,4.5,0.5,8,Elise,228.2,7.8,3.05,6.8,4.4,6.6,0.6,5,Karma,119,6.3,3.5,1.0,2.0,6.0,1.0,1,Kha'Zix,244,7,1.38,3.0,8.0,8.0,0.0,1,Jarvan IV,288,7.2,6,6.0,4.0,18.0,0.0,1,,0,0,0,0,0,0,0.0,0,,0,0,0,0,0,0,0.0,0,Wukong,25,14,11,0.56,Elise,12,8,4,0.67,Jarvan IV,8,5,3,0.63,Elise,171,Kha'Zix,162,Jarvan IV,129,Shyvana,51,Nocturne,46,Evelynn,40,Wukong,29,Ezreal,25,Brand,25,Diana,16,Karma,15,Gragas,13,Zyra,12,Neeko,12,Ahri,10,,0
Agurin-EUW,euw,"Thu, Jan 9, 2025 9:16 PM",Wukong,11,red,1,15.2,7,3,1,2.67,0.53,1.38,109,7.2,4,RaiderGO #2004,Malphite,WORLDS2025 #AIS,Hwei,KC NEXT ADKING #EUW,Kalista,Targamas #5555,Renata Glasc,THE DON BARON #Omnos,Jayce,Carnagε #EUW,Vi,Tsiperakos #MID,Syndra,Leon123Ali #gos,Draven,Nio #Nii,Soraka,20,11,9,0.55,5.8,4.5,7.0,2.84,0.56,Wukong,0.5,5,5,2.06,Elise,0.67,4,2,3.32,Jarvan IV,0.5,1,1,8.67,0.05,0.95,0.0,0.0,0.0,JUNGLE,TOP,0.95,0.05,Wukong,192.1,7.4,1.98,5.4,5.0,4.5,0.5,8,Elise,228.2,7.8,3.05,6.8,4.4,6.6,0.6,5,Karma,119,6.3,3.5,1.0,2.0,6.0,1.0,1,Kha'Zix,244,7,1.38,3.0,8.0,8.0,0.0,1,Jarvan IV,288,7.2,6,6.0,4.0,18.0,0.0,1,,0,0,0,0,0,0,0.0,0,,0,0,0,0,0,0,0.0,0,Wukong,25,14,11,0.56,Elise,12,8,4,0.67,Jarvan IV,8,5,3,0.63,Elise,171,Kha'Zix,162,Jarvan IV,129,Shyvana,51,Nocturne,46,Evelynn,40,Wukong,29,Ezreal,25,Brand,25,Diana,16,Karma,15,Gragas,13,Zyra,12,Neeko,12,Ahri,10,,0
Agurin-EUW,euw,"Thu, Jan 9, 2025 8:48 PM",Wukong,12,red,0,18.55,4,6,2,1.00,0.75,0.69,140,7.5,4,RaiderGO #2004,Darius,ady hobo cba #kid,Azir,Adryh #4841,Ashe,GRIZAIM #EUW88,Pyke,Isagi Yoichi #BLGOD,Gragas,König #8888,Rek'Sai,Six10 #euw2,Ambessa,edge of night #999,Viktor,MagiFeIiix #EUW,Bard,20,11,9,0.55,5.8,4.5,7.0,2.84,0.56,Wukong,0.5,5,5,2.06,Elise,0.67,4,2,3.32,Jarvan IV,0.5,1,1,8.67,0.05,0.95,0.0,0.0,0.0,JUNGLE,TOP,0.95,0.05,Wukong,192.1,7.4,1.98,5.4,5.0,4.5,0.5,8,Elise,228.2,7.8,3.05,6.8,4.4,6.6,0.6,5,Karma,119,6.3,3.5,1.0,2.0,6.0,1.0,1,Kha'Zix,244,7,1.38,3.0,8.0,8.0,0.0,1,Jarvan IV,288,7.2,6,6.0,4.0,18.0,0.0,1,,0,0,0,0,0,0,0.0,0,,0,0,0,0,0,0,0.0,0,Wukong,25,14,11,0.56,Elise,12,8,4,0.67,Jarvan IV,8,5,3,0.63,Elise,171,Kha'Zix,162,Jarvan IV,129,Shyvana,51,Nocturne,46,Evelynn,40,Wukong,29,Ezreal,25,Brand,25,Diana,16,Karma,15,Gragas,13,Zyra,12,Neeko,12,Ahri,10,,0
Agurin-EUW,euw,"Thu, Jan 9, 2025 8:07 PM",Elise,15,blue,1,22.4,4,1,5,9.00,0.43,1.44,194,8.7,4,RaiderGO #2004,Camille,Eternal Blizzard #carot,Aurora,G2 Hans Sama #12838,Ezreal,G2 Labrov #8085,Blitzcrank,kerberos lsd acc #SHINE,Cho'Gath,mewing on betas #0aura,Wukong,Depressed Loser #ff15,Kassadin,storm #ORD66,Jinx,kutaiba alhomsi #EUW,Janna,20,11,9,0.55,5.8,4.5,7.0,2.84,0.56,Wukong,0.5,5,5,2.06,Elise,0.67,4,2,3.32,Jarvan IV,0.5,1,1,8.67,0.05,0.95,0.0,0.0,0.0,JUNGLE,TOP,0.95,0.05,Wukong,192.1,7.4,1.98,5.4,5.0,4.5,0.5,8,Elise,228.2,7.8,3.05,6.8,4.4,6.6,0.6,5,Karma,119,6.3,3.5,1.0,2.0,6.0,1.0,1,Kha'Zix,244,7,1.38,3.0,8.0,8.0,0.0,1,Jarvan IV,288,7.2,6,6.0,4.0,18.0,0.0,1,,0,0,0,0,0,0,0.0,0,,0,0,0,0,0,0,0.0,0,Wukong,25,14,11,0.56,Elise,12,8,4,0.67,Jarvan IV,8,5,3,0.63,Elise,171,Kha'Zix,162,Jarvan IV,129,Shyvana,51,Nocturne,46,Evelynn,40,Wukong,29,Ezreal,25,Brand,25,Diana,16,Karma,15,Gragas,13,Zyra,12,Neeko,12,Ahri,10,,0
Agurin-EUW,euw,"Thu, Jan 9, 2025 7:34 PM",Wukong,18,blue,1,33.93,9,4,6,3.75,0.44,2.12,292,8.6,4,RaiderGO #2004,Camille,Imma touch you #131,Taliyah,Fade #GRIND,Syndra,mewing on betas #0aura,Rell,kerberos lsd acc #SHINE,Cho'Gath,Lee Sin #Ano,Karthus,Six10 #euw2,Ambessa,XXXXXXXXY1 #EUW,Ezreal,kutaiba alhomsi #EUW,Janna,20,11,9,0.55,5.8,4.5,7.0,2.84,0.56,Wukong,0.5,5,5,2.06,Elise,0.67,4,2,3.32,Jarvan IV,0.5,1,1,8.67,0.05,0.95,0.0,0.0,0.0,JUNGLE,TOP,0.95,0.05,Wukong,192.1,7.4,1.98,5.4,5.0,4.5,0.5,8,Elise,228.2,7.8,3.05,6.8,4.4,6.6,0.6,5,Karma,119,6.3,3.5,1.0,2.0,6.0,1.0,1,Kha'Zix,244,7,1.38,3.0,8.0,8.0,0.0,1,Jarvan IV,288,7.2,6,6.0,4.0,18.0,0.0,1,,0,0,0,0,0,0,0.0,0,,0,0,0,0,0,0,0.0,0,Wukong,25,14,11,0.56,Elise,12,8,4,0.67,Jarvan IV,8,5,3,0.63,Elise,171,Kha'Zix,162,Jarvan IV,129,Shyvana,51,Nocturne,46,Evelynn,40,Wukong,29,Ezreal,25,Brand,25,Diana,16,Karma,15,Gragas,13,Zyra,12,Neeko,12,Ahri,10,,0
Agurin-EUW,euw,"Thu, Jan 9, 2025 6:52 PM",Wukong,18,blue,1,36.17,5,6,12,2.83,0.46,1.0,262,7.2,4,RaiderGO #2004,Camille,Imma touch you #131,Taliyah,NAMAST3 #HOWIE,Caitlyn,Pyrka #EUW4,Neeko,drunkenztain #EUW,Fiddlesticks,NattyNatt #2005,Dr. Mundo,KATEVO #EUW,Katarina,Greed #1031,Ezreal,ShacStab TTV #EUW,Nautilus,20,11,9,0.55,5.8,4.5,7.0,2.84,0.56,Wukong,0.5,5,5,2.06,Elise,0.67,4,2,3.32,Jarvan IV,0.5,1,1,8.67,0.05,0.95,0.0,0.0,0.0,JUNGLE,TOP,0.95,0.05,Wukong,192.1,7.4,1.98,5.4,5.0,4.5,0.5,8,Elise,228.2,7.8,3.05,6.8,4.4,6.6,0.6,5,Karma,119,6.3,3.5,1.0,2.0,6.0,1.0,1,Kha'Zix,244,7,1.38,3.0,8.0,8.0,0.0,1,Jarvan IV,288,7.2,6,6.0,4.0,18.0,0.0,1,,0,0,0,0,0,0,0.0,0,,0,0,0,0,0,0,0.0,0,Wukong,25,14,11,0.56,Elise,12,8,4,0.67,Jarvan IV,8,5,3,0.63,Elise,171,Kha'Zix,162,Jarvan IV,129,Shyvana,51,Nocturne,46,Evelynn,40,Wukong,29,Ezreal,25,Brand,25,Diana,16,Karma,15,Gragas,13,Zyra,12,Neeko,12,Ahri,10,,0
Agurin-EUW,euw,"Thu, Jan 9, 2025 6:10 PM",Wukong,10,red,0,16.35,5,5,0,1.00,0.83,0.79,94,5.7,4,RaiderGO #2004,Darius,FIESTA #0504,Viktor,Greed #1031,Miss Fortune,Qnoxs #17165,Nami,Odi11 BOMBA 원자KR #APHE,Corki,6arelyhuman #zzz,Viego,Wesley Warren Jr #EUW,Akali,Isagi Yoichi #BLGOD,Aurora,JeanJaqueDeRouen #jjdr,Leona,20,11,9,0.55,5.8,4.5,7.0,2.84,0.56,Wukong,0.5,5,5,2.06,Elise,0.67,4,2,3.32,Jarvan IV,0.5,1,1,8.67,0.05,0.95,0.0,0.0,0.0,JUNGLE,TOP,0.95,0.05,Wukong,192.1,7.4,1.98,5.4,5.0,4.5,0.5,8,Elise,228.2,7.8,3.05,6.8,4.4,6.6,0.6,5,Karma,119,6.3,3.5,1.0,2.0,6.0,1.0,1,Kha'Zix,244,7,1.38,3.0,8.0,8.0,0.0,1,Jarvan IV,288,7.2,6,6.0,4.0,18.0,0.0,1,,0,0,0,0,0,0,0.0,0,,0,0,0,0,0,0,0.0,0,Wukong,25,14,11,0.56,Elise,12,8,4,0.67,Jarvan IV,8,5,3,0.63,Elise,171,Kha'Zix,162,Jarvan IV,129,Shyvana,51,Nocturne,46,Evelynn,40,Wukong,29,Ezreal,25,Brand,25,Diana,16,Karma,15,Gragas,13,Zyra,12,Neeko,12,Ahri,10,,0
Agurin-EUW,euw,"Thu, Jan 9, 2025 5:48 PM",Wukong,18,red,1,36.83,8,9,11,2.11,0.5,0.92,249,6.8,4,RaiderGO #2004,Camille,Desperate Nasus #EUW,Kayle,dehastee #ZMAJ,Corki,JeanJaqueDeRouen #jjdr,Leona,Vizícsacsi #EUW,Rumble,113 改善 #113,Ambessa,FEBIVEN #COACH,Orianna,BDSnuc #EUW,Kalista,HotGuy6Pack #MUTE,Poppy,20,11,9,0.55,5.8,4.5,7.0,2.84,0.56,Wukong,0.5,5,5,2.06,Elise,0.67,4,2,3.32,Jarvan IV,0.5,1,1,8.67,0.05,0.95,0.0,0.0,0.0,JUNGLE,TOP,0.95,0.05,Wukong,192.1,7.4,1.98,5.4,5.0,4.5,0.5,8,Elise,228.2,7.8,3.05,6.8,4.4,6.6,0.6,5,Karma,119,6.3,3.5,1.0,2.0,6.0,1.0,1,Kha'Zix,244,7,1.38,3.0,8.0,8.0,0.0,1,Jarvan IV,288,7.2,6,6.0,4.0,18.0,0.0,1,,0,0,0,0,0,0,0.0,0,,0,0,0,0,0,0,0.0,0,Wukong,25,14,11,0.56,Elise,12,8,4,0.67,Jarvan IV,8,5,3,0.63,Elise,171,Kha'Zix,162,Jarvan IV,129,Shyvana,51,Nocturne,46,Evelynn,40,Wukong,29,Ezreal,25,Brand,25,Diana,16,Karma,15,Gragas,13,Zyra,12,Neeko,12,Ahri,10,,0
Agurin-EUW,euw,"Thu, Jan 9, 2025 5:00 PM",Wukong,13,red,0,24.22,1,4,2,0.75,0.6,0.59,188,7.8,4,RaiderGO #2004,Dr. Mundo,Desperate Nasus #EUW,Kayle,Godskin Apostle #EUW,Ezreal,MYTH Mahonix #BROCK,Lulu,Vizícsacsi #EUW,Rumble,HotGuy6Pack #MUTE,Poppy,QloTrGeSdV #EUW,Ahri,Kobbe #EUW,Ashe,Depressed Loser #ff15,Rakan,20,11,9,0.55,5.8,4.5,7.0,2.84,0.56,Wukong,0.5,5,5,2.06,Elise,0.67,4,2,3.32,Jarvan IV,0.5,1,1,8.67,0.05,0.95,0.0,0.0,0.0,JUNGLE,TOP,0.95,0.05,Wukong,192.1,7.4,1.98,5.4,5.0,4.5,0.5,8,Elise,228.2,7.8,3.05,6.8,4.4,6.6,0.6,5,Karma,119,6.3,3.5,1.0,2.0,6.0,1.0,1,Kha'Zix,244,7,1.38,3.0,8.0,8.0,0.0,1,Jarvan IV,288,7.2,6,6.0,4.0,18.0,0.0,1,,0,0,0,0,0,0,0.0,0,,0,0,0,0,0,0,0.0,0,Wukong,25,14,11,0.56,Elise,12,8,4,0.67,Jarvan IV,8,5,3,0.63,Elise,171,Kha'Zix,162,Jarvan IV,129,Shyvana,51,Nocturne,46,Evelynn,40,Wukong,29,Ezreal,25,Brand,25,Diana,16,Karma,15,Gragas,13,Zyra,12,Neeko,12,Ahri,10,,0
Agurin-EUW,euw,"Thu, Jan 9, 2025 4:05 PM",Karma,12,blue,1,18.75,1,2,6,3.50,0.32,0.56,119,6.3,4,113 改善 #113,Viego,BDSnuc #EUW,Viktor,JEZUUU #0814,Kalista,Walid Georgey #EUW,Rell,G2 BrokenBlade #1918,Maokai,G2 SkewMond #3327,Wukong,Wesley Warren Jr #EUW,Akali,weakestsapling #CERES,Kog'Maw,Modern Life #EUW,Soraka,20,11,9,0.55,5.8,4.5,7.0,2.84,0.56,Wukong,0.5,5,5,2.06,Elise,0.67,4,2,3.32,Jarvan IV,0.5,1,1,8.67,0.05,0.95,0.0,0.0,0.0,JUNGLE,TOP,0.95,0.05,Wukong,192.1,7.4,1.98,5.4,5.0,4.5,0.5,8,Elise,228.2,7.8,3.05,6.8,4.4,6.6,0.6,5,Karma,119,6.3,3.5,1.0,2.0,6.0,1.0,1,Kha'Zix,244,7,1.38,3.0,8.0,8.0,0.0,1,Jarvan IV,288,7.2,6,6.0,4.0,18.0,0.0,1,,0,0,0,0,0,0,0.0,0,,0,0,0,0,0,0,0.0,0,Wukong,25,14,11,0.56,Elise,12,8,4,0.67,Jarvan IV,8,5,3,0.63,Elise,171,Kha'Zix,162,Jarvan IV,129,Shyvana,51,Nocturne,46,Evelynn,40,Wukong,29,Ezreal,25,Brand,25,Diana,16,Karma,15,Gragas,13,Zyra,12,Neeko,12,Ahri,10,,0
Agurin-EUW,euw,"Sun, Jan 5, 2025 6:25 PM",Jarvan IV,16,blue,1,26.68,9,2,19,14.00,0.67,1.08,183,6.9,2,skygge kriger #EUV,Rumble,성진우 #789,Vladimir,JEZUUU #0814,Yasuo,Papadodi #1010,Lulu,the inescapable #EUW,Maokai,edge of night #999,Kindred,Macaquiño #GAP,LeBlanc,Insecticides #wwwsp,Corki,Walid Georgey #EUW,Rell,20,11,9,0.55,5.8,4.5,7.0,2.84,0.56,Wukong,0.5,5,5,2.06,Elise,0.67,4,2,3.32,Jarvan IV,0.5,1,1,8.67,0.05,0.95,0.0,0.0,0.0,JUNGLE,TOP,0.95,0.05,Wukong,192.1,7.4,1.98,5.4,5.0,4.5,0.5,8,Elise,228.2,7.8,3.05,6.8,4.4,6.6,0.6,5,Karma,119,6.3,3.5,1.0,2.0,6.0,1.0,1,Kha'Zix,244,7,1.38,3.0,8.0,8.0,0.0,1,Jarvan IV,288,7.2,6,6.0,4.0,18.0,0.0,1,,0,0,0,0,0,0,0.0,0,,0,0,0,0,0,0,0.0,0,Wukong,25,14,11,0.56,Elise,12,8,4,0.67,Jarvan IV,8,5,3,0.63,Elise,171,Kha'Zix,162,Jarvan IV,129,Shyvana,51,Nocturne,46,Evelynn,40,Wukong,29,Ezreal,25,Brand,25,Diana,16,Karma,15,Gragas,13,Zyra,12,Neeko,12,Ahri,10,,0
Agurin-EUW,euw,"Sun, Jan 5, 2025 5:48 PM",Wukong,16,red,1,28.68,3,5,11,2.80,0.47,1.33,220,7.7,2,S8DiamondDog #EUW,Yasuo,Owen Mcdade #BLACK,Fiora,AllYouHadToDoWas #Stay,Karthus,Depressed Loser #ff15,LeBlanc,Drali #Drali,K'Sante,Kiki #COYG,Viego,222 #EUW3,Syndra,JEZUUU #0814,Xayah,grisha turbina #ADHD,Sona,20,11,9,0.55,5.8,4.5,7.0,2.84,0.56,Wukong,0.5,5,5,2.06,Elise,0.67,4,2,3.32,Jarvan IV,0.5,1,1,8.67,0.05,0.95,0.0,0.0,0.0,JUNGLE,TOP,0.95,0.05,Wukong,192.1,7.4,1.98,5.4,5.0,4.5,0.5,8,Elise,228.2,7.8,3.05,6.8,4.4,6.6,0.6,5,Karma,119,6.3,3.5,1.0,2.0,6.0,1.0,1,Kha'Zix,244,7,1.38,3.0,8.0,8.0,0.0,1,Jarvan IV,288,7.2,6,6.0,4.0,18.0,0.0,1,,0,0,0,0,0,0,0.0,0,,0,0,0,0,0,0,0.0,0,Wukong,25,14,11,0.56,Elise,12,8,4,0.67,Jarvan IV,8,5,3,0.63,Elise,171,Kha'Zix,162,Jarvan IV,129,Shyvana,51,Nocturne,46,Evelynn,40,Wukong,29,Ezreal,25,Brand,25,Diana,16,Karma,15,Gragas,13,Zyra,12,Neeko,12,Ahri,10,,0
Agurin-EUW,euw,"Sun, Jan 5, 2025 5:10 PM",Wukong,12,blue,0,20.65,6,4,2,2.00,0.57,0.89,153,7.4,2,Novachrono #Back,Cho'Gath,2025 #favo,Gragas,Jeyrus #Jey,Corki,Papadodi #1010,Lulu,S8DiamondDog #EUW,Dr. Mundo,Thomas Shelby #SOLOQ,Vi,222 #EUW3,Ekko,JEZUUU #0814,Caitlyn,Pablo #boda,Bard,20,11,9,0.55,5.8,4.5,7.0,2.84,0.56,Wukong,0.5,5,5,2.06,Elise,0.67,4,2,3.32,Jarvan IV,0.5,1,1,8.67,0.05,0.95,0.0,0.0,0.0,JUNGLE,TOP,0.95,0.05,Wukong,192.1,7.4,1.98,5.4,5.0,4.5,0.5,8,Elise,228.2,7.8,3.05,6.8,4.4,6.6,0.6,5,Karma,119,6.3,3.5,1.0,2.0,6.0,1.0,1,Kha'Zix,244,7,1.38,3.0,8.0,8.0,0.0,1,Jarvan IV,288,7.2,6,6.0,4.0,18.0,0.0,1,,0,0,0,0,0,0,0.0,0,,0,0,0,0,0,0,0.0,0,Wukong,25,14,11,0.56,Elise,12,8,4,0.67,Jarvan IV,8,5,3,0.63,Elise,171,Kha'Zix,162,Jarvan IV,129,Shyvana,51,Nocturne,46,Evelynn,40,Wukong,29,Ezreal,25,Brand,25,Diana,16,Karma,15,Gragas,13,Zyra,12,Neeko,12,Ahri,10,,0
Agurin-EUW,euw,"Sun, Jan 5, 2025 4:30 PM",Elise,15,blue,1,24.22,10,3,6,5.33,0.62,1.08,194,8.0,2,SatØrius #EUW,Rumble,AbbedaggÆ #EUW,Jayce,Kite Machine #EUW,Jhin,Vento #TAIF,Bard,KOI Spooder #1352,K'Sante,NazgulsBlade #LOTR,Skarner,TwitchTVxKenzuke #EUW,Aurora,Unkn0wn #EUW11,Ezreal,Paolocannone #EUW,Karma,20,11,9,0.55,5.8,4.5,7.0,2.84,0.56,Wukong,0.5,5,5,2.06,Elise,0.67,4,2,3.32,Jarvan IV,0.5,1,1,8.67,0.05,0.95,0.0,0.0,0.0,JUNGLE,TOP,0.95,0.05,Wukong,192.1,7.4,1.98,5.4,5.0,4.5,0.5,8,Elise,228.2,7.8,3.05,6.8,4.4,6.6,0.6,5,Karma,119,6.3,3.5,1.0,2.0,6.0,1.0,1,Kha'Zix,244,7,1.38,3.0,8.0,8.0,0.0,1,Jarvan IV,288,7.2,6,6.0,4.0,18.0,0.0,1,,0,0,0,0,0,0,0.0,0,,0,0,0,0,0,0,0.0,0,Wukong,25,14,11,0.56,Elise,12,8,4,0.67,Jarvan IV,8,5,3,0.63,Elise,171,Kha'Zix,162,Jarvan IV,129,Shyvana,51,Nocturne,46,Evelynn,40,Wukong,29,Ezreal,25,Brand,25,Diana,16,Karma,15,Gragas,13,Zyra,12,Neeko,12,Ahri,10,,0
