player_id,region,date,champion,level,team,result,match_length_mins,kill,death,assist,kda_ratio,kill_participation,laning,cs,cs_per_min,avg_tier,teammates1,team_champ1,teammates2,team_champ2,teammates3,team_champ3,teammates4,team_champ4,oppmates1,opp_champ1,oppmates2,opp_champ2,oppmates3,opp_champ3,oppmates4,opp_champ4,oppmates5,opp_champ5,total_games,wins,losses,win_rate,avg_kills,avg_deaths,avg_assists,kda_ratio_profile,kill_participation_profile,most_champ_1,WR_1,W_1,L_1,KDA_1,most_champ_2,WR_2,W_2,L_2,KDA_2,most_champ_3,WR_3,W_3,L_3,KDA_3,TOP,JUNGLE,MID,ADC,SUPPORT,most_role_1,most_role_2,most_role_1_value,most_role_2_value,season_champ_1,cs_ssn_1,cpm_ssn_1,kda_ssn_1,k_ssn_1,d_ssn_1,a_ssn_1,wr_ssn_1,games_ssn_1,season_champ_2,cs_ssn_2,cpm_ssn_2,kda_ssn_2,k_ssn_2,d_ssn_2,a_ssn_2,wr_ssn_2,games_ssn_2,season_champ_3,cs_ssn_3,cpm_ssn_3,kda_ssn_3,k_ssn_3,d_ssn_3,a_ssn_3,wr_ssn_3,games_ssn_3,season_champ_4,cs_ssn_4,cpm_ssn_4,kda_ssn_4,k_ssn_4,d_ssn_4,a_ssn_4,wr_ssn_4,games_ssn_4,season_champ_5,cs_ssn_5,cpm_ssn_5,kda_ssn_5,k_ssn_5,d_ssn_5,a_ssn_5,wr_ssn_5,games_ssn_5,season_champ_6,cs_ssn_6,cpm_ssn_6,kda_ssn_6,k_ssn_6,d_ssn_6,a_ssn_6,wr_ssn_6,games_ssn_6,season_champ_7,cs_ssn_7,cpm_ssn_7,kda_ssn_7,k_ssn_7,d_ssn_7,a_ssn_7,wr_ssn_7,games_ssn_7,7d_champ_1,7d_total_1,7d_W_1,7d_L_1,7d_WR_1,7d_champ_2,7d_total_2,7d_W_2,7d_L_2,7d_WR_2,7d_champ_3,7d_total_3,7d_W_3,7d_L_3,7d_WR_3,mastery_champ_1,m_lv_1,mastery_champ_2,m_lv_2,mastery_champ_3,m_lv_3,mastery_champ_4,m_lv_4,mastery_champ_5,m_lv_5,mastery_champ_6,m_lv_6,mastery_champ_7,m_lv_7,mastery_champ_8,m_lv_8,mastery_champ_9,m_lv_9,mastery_champ_10,m_lv_10,mastery_champ_11,m_lv_11,mastery_champ_12,m_lv_12,mastery_champ_13,m_lv_13,mastery_champ_14,m_lv_14,mastery_champ_15,m_lv_15,mastery_champ_16,m_lv_16
Agurin-EUW,euw,"Sun, Jan 5, 2025 6:25 PM",Jarvan IV,16,blue,1,26.68,9,2,19,14.00,0.67,1.08,183,6.9,2,skygge kriger #EUV,Rumble,성진우 #789,Vladimir,JEZUUU #0814,Yasuo,Papadodi #1010,Lulu,the inescapable #EUW,Maokai,edge of night #999,Kindred,Macaquiño #GAP,LeBlanc,Wanna be a pro #03120,Corki,Walid Georgey #EUW,Rell,20,14,6,0.7,6.1,4.5,8.5,3.24,0.53,Wukong,0.62,8,5,2.39,Elise,0.8,4,1,4.94,Jarvan IV,1.0,2,0,8.17,0.0,1.0,0.0,0.0,0.0,JUNGLE,MID,1.0,0.0,Wukong,198,7.2,2.99,6.2,4.6,7.6,0.61,193,Elise,195.4,7.2,3.1,6.7,4.5,7.2,0.58,138,Neeko,205.5,7.7,3.26,6.5,4.1,6.9,0.49,82,Jarvan IV,196.2,7,3.94,5.8,4.6,12.4,0.55,65,Karma,165.5,6.6,1.92,2.9,5.5,7.7,0.55,60,Kha'Zix,213.1,7.8,2.35,5.4,5.2,6.8,0.45,42,Nocturne,194.1,7.6,2.86,4.9,4.4,7.5,0.53,34,Wukong,27,18,9,0.67,Jarvan IV,9,6,3,0.67,Elise,8,5,3,0.63,Elise,170,Kha'Zix,162,Jarvan IV,129,Shyvana,51,Nocturne,46,Evelynn,40,Wukong,28,Ezreal,25,Brand,25,Diana,16,Karma,15,Gragas,13,Zyra,12,Neeko,12,Ahri,10,,0
Agurin-EUW,euw,"Sun, Jan 5, 2025 5:48 PM",Wukong,16,red,1,28.68,3,5,11,2.80,0.47,1.33,220,7.7,2,S8DiamondDog #EUW,Yasuo,Owen Mcdade #BLACK,Fiora,AllYouHadToDoWas #Stay,Karthus,Depressed Loser #ff15,LeBlanc,Drali #Drali,K'Sante,Kiki #COYG,Viego,222 #EUW3,Syndra,JEZUUU #0814,Xayah,grisha turbina #ADHD,Sona,20,14,6,0.7,6.1,4.5,8.5,3.24,0.53,Wukong,0.62,8,5,2.39,Elise,0.8,4,1,4.94,Jarvan IV,1.0,2,0,8.17,0.0,1.0,0.0,0.0,0.0,JUNGLE,MID,1.0,0.0,Wukong,198,7.2,2.99,6.2,4.6,7.6,0.61,193,Elise,195.4,7.2,3.1,6.7,4.5,7.2,0.58,138,Neeko,205.5,7.7,3.26,6.5,4.1,6.9,0.49,82,Jarvan IV,196.2,7,3.94,5.8,4.6,12.4,0.55,65,Karma,165.5,6.6,1.92,2.9,5.5,7.7,0.55,60,Kha'Zix,213.1,7.8,2.35,5.4,5.2,6.8,0.45,42,Nocturne,194.1,7.6,2.86,4.9,4.4,7.5,0.53,34,Wukong,27,18,9,0.67,Jarvan IV,9,6,3,0.67,Elise,8,5,3,0.63,Elise,170,Kha'Zix,162,Jarvan IV,129,Shyvana,51,Nocturne,46,Evelynn,40,Wukong,28,Ezreal,25,Brand,25,Diana,16,Karma,15,Gragas,13,Zyra,12,Neeko,12,Ahri,10,,0
Agurin-EUW,euw,"Sun, Jan 5, 2025 5:10 PM",Wukong,12,blue,0,20.65,6,4,2,2.00,0.57,0.89,153,7.4,2,Novachrono #Back,Cho'Gath,2025 #favo,Gragas,Jeyrus #Jey,Corki,Papadodi #1010,Lulu,S8DiamondDog #EUW,Dr. Mundo,Thomas Shelby #SOLOQ,Vi,222 #EUW3,Ekko,JEZUUU #0814,Caitlyn,Pablo #boda,Bard,20,14,6,0.7,6.1,4.5,8.5,3.24,0.53,Wukong,0.62,8,5,2.39,Elise,0.8,4,1,4.94,Jarvan IV,1.0,2,0,8.17,0.0,1.0,0.0,0.0,0.0,JUNGLE,MID,1.0,0.0,Wukong,198,7.2,2.99,6.2,4.6,7.6,0.61,193,Elise,195.4,7.2,3.1,6.7,4.5,7.2,0.58,138,Neeko,205.5,7.7,3.26,6.5,4.1,6.9,0.49,82,Jarvan IV,196.2,7,3.94,5.8,4.6,12.4,0.55,65,Karma,165.5,6.6,1.92,2.9,5.5,7.7,0.55,60,Kha'Zix,213.1,7.8,2.35,5.4,5.2,6.8,0.45,42,Nocturne,194.1,7.6,2.86,4.9,4.4,7.5,0.53,34,Wukong,27,18,9,0.67,Jarvan IV,9,6,3,0.67,Elise,8,5,3,0.63,Elise,170,Kha'Zix,162,Jarvan IV,129,Shyvana,51,Nocturne,46,Evelynn,40,Wukong,28,Ezreal,25,Brand,25,Diana,16,Karma,15,Gragas,13,Zyra,12,Neeko,12,Ahri,10,,0
Agurin-EUW,euw,"Sun, Jan 5, 2025 4:30 PM",Elise,15,blue,1,24.22,10,3,6,5.33,0.62,1.08,194,8.0,2,SatØrius #EUW,Rumble,AbbedaggÆ #EUW,Jayce,Kite Machine #EUW,Jhin,Vento #TAIF,Bard,KOI Spooder #1352,K'Sante,NazgulsBlade #LOTR,Skarner,TwitchTVxKenzuke #EUW,Aurora,Unkn0wn #EUW11,Ezreal,Paolocannone #EUW,Karma,20,14,6,0.7,6.1,4.5,8.5,3.24,0.53,Wukong,0.62,8,5,2.39,Elise,0.8,4,1,4.94,Jarvan IV,1.0,2,0,8.17,0.0,1.0,0.0,0.0,0.0,JUNGLE,MID,1.0,0.0,Wukong,198,7.2,2.99,6.2,4.6,7.6,0.61,193,Elise,195.4,7.2,3.1,6.7,4.5,7.2,0.58,138,Neeko,205.5,7.7,3.26,6.5,4.1,6.9,0.49,82,Jarvan IV,196.2,7,3.94,5.8,4.6,12.4,0.55,65,Karma,165.5,6.6,1.92,2.9,5.5,7.7,0.55,60,Kha'Zix,213.1,7.8,2.35,5.4,5.2,6.8,0.45,42,Nocturne,194.1,7.6,2.86,4.9,4.4,7.5,0.53,34,Wukong,27,18,9,0.67,Jarvan IV,9,6,3,0.67,Elise,8,5,3,0.63,Elise,170,Kha'Zix,162,Jarvan IV,129,Shyvana,51,Nocturne,46,Evelynn,40,Wukong,28,Ezreal,25,Brand,25,Diana,16,Karma,15,Gragas,13,Zyra,12,Neeko,12,Ahri,10,,0
Agurin-EUW,euw,"Sun, Jan 5, 2025 1:34 AM",Wukong,14,blue,0,26.37,7,10,4,1.10,0.65,0.89,169,6.4,2,Vandett0 #ETABL,Teemo,Grunge #010,Yone,222 #EUW3,Ekko,Crixus #ARENA,Leona,SenSen #EUWFR,Nidalee,AllYouHadToDoWas #Stay,Karthus,SRTSS #EUW,Corki,Keduii #GOAT,Caitlyn,Sergeant Sona #KJP,Sona,20,14,6,0.7,6.1,4.5,8.5,3.24,0.53,Wukong,0.62,8,5,2.39,Elise,0.8,4,1,4.94,Jarvan IV,1.0,2,0,8.17,0.0,1.0,0.0,0.0,0.0,JUNGLE,MID,1.0,0.0,Wukong,198,7.2,2.99,6.2,4.6,7.6,0.61,193,Elise,195.4,7.2,3.1,6.7,4.5,7.2,0.58,138,Neeko,205.5,7.7,3.26,6.5,4.1,6.9,0.49,82,Jarvan IV,196.2,7,3.94,5.8,4.6,12.4,0.55,65,Karma,165.5,6.6,1.92,2.9,5.5,7.7,0.55,60,Kha'Zix,213.1,7.8,2.35,5.4,5.2,6.8,0.45,42,Nocturne,194.1,7.6,2.86,4.9,4.4,7.5,0.53,34,Wukong,27,18,9,0.67,Jarvan IV,9,6,3,0.67,Elise,8,5,3,0.63,Elise,170,Kha'Zix,162,Jarvan IV,129,Shyvana,51,Nocturne,46,Evelynn,40,Wukong,28,Ezreal,25,Brand,25,Diana,16,Karma,15,Gragas,13,Zyra,12,Neeko,12,Ahri,10,,0
Agurin-EUW,euw,"Sun, Jan 5, 2025 12:48 AM",Wukong,17,blue,1,31.83,4,3,4,2.67,0.33,1.13,267,8.4,2,Bobsik #EUW,Camille,SRTSS #EUW,LeBlanc,PsychoZedPlayer #EUW,Hwei,mein herz #197,Janna,Patrick Jane #Tea,Vladimir,Seonsu #Noula,Viego,Odysseus #131,Taliyah,Keduii #GOAT,Ezreal,Crixus #ARENA,Zilean,20,14,6,0.7,6.1,4.5,8.5,3.24,0.53,Wukong,0.62,8,5,2.39,Elise,0.8,4,1,4.94,Jarvan IV,1.0,2,0,8.17,0.0,1.0,0.0,0.0,0.0,JUNGLE,MID,1.0,0.0,Wukong,198,7.2,2.99,6.2,4.6,7.6,0.61,193,Elise,195.4,7.2,3.1,6.7,4.5,7.2,0.58,138,Neeko,205.5,7.7,3.26,6.5,4.1,6.9,0.49,82,Jarvan IV,196.2,7,3.94,5.8,4.6,12.4,0.55,65,Karma,165.5,6.6,1.92,2.9,5.5,7.7,0.55,60,Kha'Zix,213.1,7.8,2.35,5.4,5.2,6.8,0.45,42,Nocturne,194.1,7.6,2.86,4.9,4.4,7.5,0.53,34,Wukong,27,18,9,0.67,Jarvan IV,9,6,3,0.67,Elise,8,5,3,0.63,Elise,170,Kha'Zix,162,Jarvan IV,129,Shyvana,51,Nocturne,46,Evelynn,40,Wukong,28,Ezreal,25,Brand,25,Diana,16,Karma,15,Gragas,13,Zyra,12,Neeko,12,Ahri,10,,0
Agurin-EUW,euw,"Sat, Jan 4, 2025 11:56 PM",Wukong,16,red,1,25.28,7,2,7,7.00,0.61,0.89,208,8.2,2,Szygenda #EUW,Aurora,Dr Orange #Caps,Galio,J1HUIV #000,Kalista,ttveminencjasupp #kick,Renata Glasc,Patrick Jane #Tea,Vladimir,Thors Snoresson #3327,Graves,222 #EUW3,Syndra,LeonardoDiCassio #EUW,Caitlyn,Maynter #EUW,Nautilus,20,14,6,0.7,6.1,4.5,8.5,3.24,0.53,Wukong,0.62,8,5,2.39,Elise,0.8,4,1,4.94,Jarvan IV,1.0,2,0,8.17,0.0,1.0,0.0,0.0,0.0,JUNGLE,MID,1.0,0.0,Wukong,198,7.2,2.99,6.2,4.6,7.6,0.61,193,Elise,195.4,7.2,3.1,6.7,4.5,7.2,0.58,138,Neeko,205.5,7.7,3.26,6.5,4.1,6.9,0.49,82,Jarvan IV,196.2,7,3.94,5.8,4.6,12.4,0.55,65,Karma,165.5,6.6,1.92,2.9,5.5,7.7,0.55,60,Kha'Zix,213.1,7.8,2.35,5.4,5.2,6.8,0.45,42,Nocturne,194.1,7.6,2.86,4.9,4.4,7.5,0.53,34,Wukong,27,18,9,0.67,Jarvan IV,9,6,3,0.67,Elise,8,5,3,0.63,Elise,170,Kha'Zix,162,Jarvan IV,129,Shyvana,51,Nocturne,46,Evelynn,40,Wukong,28,Ezreal,25,Brand,25,Diana,16,Karma,15,Gragas,13,Zyra,12,Neeko,12,Ahri,10,,0
Agurin-EUW,euw,"Sat, Jan 4, 2025 10:39 PM",Wukong,13,red,1,21.02,5,1,5,10.00,0.56,1.44,147,7.0,2,Desperate Nasus #EUW,Kayle,Yoo Jonghyuk333 #EUW,Aurora,LeonardoDiCassio #EUW,Viktor,Canam #123,Nami,Makkro #EUW,Ornn,Kiki #COYG,Skarner,SRTSS #EUW,Yone,avarice61 #EUW,Kog'Maw,Sergeant Sona #KJP,Seraphine,20,14,6,0.7,6.1,4.5,8.5,3.24,0.53,Wukong,0.62,8,5,2.39,Elise,0.8,4,1,4.94,Jarvan IV,1.0,2,0,8.17,0.0,1.0,0.0,0.0,0.0,JUNGLE,MID,1.0,0.0,Wukong,198,7.2,2.99,6.2,4.6,7.6,0.61,193,Elise,195.4,7.2,3.1,6.7,4.5,7.2,0.58,138,Neeko,205.5,7.7,3.26,6.5,4.1,6.9,0.49,82,Jarvan IV,196.2,7,3.94,5.8,4.6,12.4,0.55,65,Karma,165.5,6.6,1.92,2.9,5.5,7.7,0.55,60,Kha'Zix,213.1,7.8,2.35,5.4,5.2,6.8,0.45,42,Nocturne,194.1,7.6,2.86,4.9,4.4,7.5,0.53,34,Wukong,27,18,9,0.67,Jarvan IV,9,6,3,0.67,Elise,8,5,3,0.63,Elise,170,Kha'Zix,162,Jarvan IV,129,Shyvana,51,Nocturne,46,Evelynn,40,Wukong,28,Ezreal,25,Brand,25,Diana,16,Karma,15,Gragas,13,Zyra,12,Neeko,12,Ahri,10,,0
Agurin-EUW,euw,"Sat, Jan 4, 2025 10:04 PM",Elise,17,blue,1,25.4,15,3,6,7.00,0.53,1.56,225,8.9,2,choilot #LOT,Gnar,a winds rhythm #Aang,Yasuo,Boring Cycle #Abner,Swain,ataraxia #7z7,Bard,Riihonen #EUW,Vladimir,AkaManto #LGM,Hecarim,SRTSS #EUW,Yone,Keduii #GOAT,Ashe,Peak Level #123,Zac,20,14,6,0.7,6.1,4.5,8.5,3.24,0.53,Wukong,0.62,8,5,2.39,Elise,0.8,4,1,4.94,Jarvan IV,1.0,2,0,8.17,0.0,1.0,0.0,0.0,0.0,JUNGLE,MID,1.0,0.0,Wukong,198,7.2,2.99,6.2,4.6,7.6,0.61,193,Elise,195.4,7.2,3.1,6.7,4.5,7.2,0.58,138,Neeko,205.5,7.7,3.26,6.5,4.1,6.9,0.49,82,Jarvan IV,196.2,7,3.94,5.8,4.6,12.4,0.55,65,Karma,165.5,6.6,1.92,2.9,5.5,7.7,0.55,60,Kha'Zix,213.1,7.8,2.35,5.4,5.2,6.8,0.45,42,Nocturne,194.1,7.6,2.86,4.9,4.4,7.5,0.53,34,Wukong,27,18,9,0.67,Jarvan IV,9,6,3,0.67,Elise,8,5,3,0.63,Elise,170,Kha'Zix,162,Jarvan IV,129,Shyvana,51,Nocturne,46,Evelynn,40,Wukong,28,Ezreal,25,Brand,25,Diana,16,Karma,15,Gragas,13,Zyra,12,Neeko,12,Ahri,10,,0
Agurin-EUW,euw,"Sat, Jan 4, 2025 9:01 PM",Wukong,13,blue,0,27.2,6,11,5,1.00,0.58,0.82,159,5.8,2,Ronaldo Nazário #12345,Irelia,TATA #HOPE,Galio,chöego #EUW,Corki,Sergeant Sona #KJP,Sona,drunkenztain #EUW,Fiddlesticks,Foutriquet #EUW,Jarvan IV,silkysmath #6206,Syndra,Kushala Daora #MHVV,Caitlyn,darkchri99 #EUW,Lux,20,14,6,0.7,6.1,4.5,8.5,3.24,0.53,Wukong,0.62,8,5,2.39,Elise,0.8,4,1,4.94,Jarvan IV,1.0,2,0,8.17,0.0,1.0,0.0,0.0,0.0,JUNGLE,MID,1.0,0.0,Wukong,198,7.2,2.99,6.2,4.6,7.6,0.61,193,Elise,195.4,7.2,3.1,6.7,4.5,7.2,0.58,138,Neeko,205.5,7.7,3.26,6.5,4.1,6.9,0.49,82,Jarvan IV,196.2,7,3.94,5.8,4.6,12.4,0.55,65,Karma,165.5,6.6,1.92,2.9,5.5,7.7,0.55,60,Kha'Zix,213.1,7.8,2.35,5.4,5.2,6.8,0.45,42,Nocturne,194.1,7.6,2.86,4.9,4.4,7.5,0.53,34,Wukong,27,18,9,0.67,Jarvan IV,9,6,3,0.67,Elise,8,5,3,0.63,Elise,170,Kha'Zix,162,Jarvan IV,129,Shyvana,51,Nocturne,46,Evelynn,40,Wukong,28,Ezreal,25,Brand,25,Diana,16,Karma,15,Gragas,13,Zyra,12,Neeko,12,Ahri,10,,0
Agurin-EUW,euw,"Sat, Jan 4, 2025 8:23 PM",Elise,12,red,0,24.83,1,6,2,0.50,0.2,0.92,163,6.6,2,Bent246 #Bent,Akshan,c0cky movement #tukan,Irelia,fjgyqwjsaqxca #LUDER,Jinx,gummyjuiceULTRA #11cmP,Pyke,أستولفو بن لادن #UwU,Singed,bluerzor #grind,Wukong,나프켈라 #BOAT,Akali,e7c3c0fd cee3 4399 877b baf89c9f6f46 #EUW,Jhin,Sergeant Sona #KJP,Sona,20,14,6,0.7,6.1,4.5,8.5,3.24,0.53,Wukong,0.62,8,5,2.39,Elise,0.8,4,1,4.94,Jarvan IV,1.0,2,0,8.17,0.0,1.0,0.0,0.0,0.0,JUNGLE,MID,1.0,0.0,Wukong,198,7.2,2.99,6.2,4.6,7.6,0.61,193,Elise,195.4,7.2,3.1,6.7,4.5,7.2,0.58,138,Neeko,205.5,7.7,3.26,6.5,4.1,6.9,0.49,82,Jarvan IV,196.2,7,3.94,5.8,4.6,12.4,0.55,65,Karma,165.5,6.6,1.92,2.9,5.5,7.7,0.55,60,Kha'Zix,213.1,7.8,2.35,5.4,5.2,6.8,0.45,42,Nocturne,194.1,7.6,2.86,4.9,4.4,7.5,0.53,34,Wukong,27,18,9,0.67,Jarvan IV,9,6,3,0.67,Elise,8,5,3,0.63,Elise,170,Kha'Zix,162,Jarvan IV,129,Shyvana,51,Nocturne,46,Evelynn,40,Wukong,28,Ezreal,25,Brand,25,Diana,16,Karma,15,Gragas,13,Zyra,12,Neeko,12,Ahri,10,,0
Agurin-EUW,euw,"Sat, Jan 4, 2025 7:42 PM",Wukong,14,blue,1,21.82,5,2,8,6.50,0.39,1.0,174,8.0,2,skygge kriger #EUV,Aatrox,bvffi #meow,Corki,Kushala Daora #MHVV,Hwei,Zoo port #LOL,Zoe,c0cky movement #tukan,Yone,noname #gromp,Taliyah,e7c3c0fd cee3 4399 877b baf89c9f6f46 #EUW,Cho'Gath,twtv exofeng #IWNL,Draven,Sergeant Sona #KJP,Rakan,20,14,6,0.7,6.1,4.5,8.5,3.24,0.53,Wukong,0.62,8,5,2.39,Elise,0.8,4,1,4.94,Jarvan IV,1.0,2,0,8.17,0.0,1.0,0.0,0.0,0.0,JUNGLE,MID,1.0,0.0,Wukong,198,7.2,2.99,6.2,4.6,7.6,0.61,193,Elise,195.4,7.2,3.1,6.7,4.5,7.2,0.58,138,Neeko,205.5,7.7,3.26,6.5,4.1,6.9,0.49,82,Jarvan IV,196.2,7,3.94,5.8,4.6,12.4,0.55,65,Karma,165.5,6.6,1.92,2.9,5.5,7.7,0.55,60,Kha'Zix,213.1,7.8,2.35,5.4,5.2,6.8,0.45,42,Nocturne,194.1,7.6,2.86,4.9,4.4,7.5,0.53,34,Wukong,27,18,9,0.67,Jarvan IV,9,6,3,0.67,Elise,8,5,3,0.63,Elise,170,Kha'Zix,162,Jarvan IV,129,Shyvana,51,Nocturne,46,Evelynn,40,Wukong,28,Ezreal,25,Brand,25,Diana,16,Karma,15,Gragas,13,Zyra,12,Neeko,12,Ahri,10,,0
Agurin-EUW,euw,"Sat, Jan 4, 2025 7:13 PM",Wukong,14,red,0,24.2,3,6,7,1.67,0.53,0.28,172,7.1,2,DREILIX #000,Jayce,Bobsbag #EUW,Gragas,Rafitta #EUW,Corki,eXoValdo #EUW,Brand,e7c3c0fd cee3 4399 877b baf89c9f6f46 #EUW,Sion,wοkeupIikethis #EUW,Viego,Eternal Blizzard #carot,Hwei,PAKO ETERNAL #EUW,Ezreal,Sergeant Sona #KJP,Sona,20,14,6,0.7,6.1,4.5,8.5,3.24,0.53,Wukong,0.62,8,5,2.39,Elise,0.8,4,1,4.94,Jarvan IV,1.0,2,0,8.17,0.0,1.0,0.0,0.0,0.0,JUNGLE,MID,1.0,0.0,Wukong,198,7.2,2.99,6.2,4.6,7.6,0.61,193,Elise,195.4,7.2,3.1,6.7,4.5,7.2,0.58,138,Neeko,205.5,7.7,3.26,6.5,4.1,6.9,0.49,82,Jarvan IV,196.2,7,3.94,5.8,4.6,12.4,0.55,65,Karma,165.5,6.6,1.92,2.9,5.5,7.7,0.55,60,Kha'Zix,213.1,7.8,2.35,5.4,5.2,6.8,0.45,42,Nocturne,194.1,7.6,2.86,4.9,4.4,7.5,0.53,34,Wukong,27,18,9,0.67,Jarvan IV,9,6,3,0.67,Elise,8,5,3,0.63,Elise,170,Kha'Zix,162,Jarvan IV,129,Shyvana,51,Nocturne,46,Evelynn,40,Wukong,28,Ezreal,25,Brand,25,Diana,16,Karma,15,Gragas,13,Zyra,12,Neeko,12,Ahri,10,,0
Agurin-EUW,euw,"Sat, Jan 4, 2025 12:41 AM",Wukong,17,blue,1,34.25,5,11,18,2.09,0.51,0.67,194,5.7,2,batubabaHOPPALA #HOPPA,Riven,Fool Night #Ivy,Veigar,Sintemon #gumo,Ashe,ScoobaTroopah #10000,Blitzcrank,Pablo #boda,Aurora,TWTV DETDERT #12MAJ,Graves,J1HUIV #000,Karma,Mandaryñ #EUW,Corki,erdt #EUW,Leona,20,14,6,0.7,6.1,4.5,8.5,3.24,0.53,Wukong,0.62,8,5,2.39,Elise,0.8,4,1,4.94,Jarvan IV,1.0,2,0,8.17,0.0,1.0,0.0,0.0,0.0,JUNGLE,MID,1.0,0.0,Wukong,198,7.2,2.99,6.2,4.6,7.6,0.61,193,Elise,195.4,7.2,3.1,6.7,4.5,7.2,0.58,138,Neeko,205.5,7.7,3.26,6.5,4.1,6.9,0.49,82,Jarvan IV,196.2,7,3.94,5.8,4.6,12.4,0.55,65,Karma,165.5,6.6,1.92,2.9,5.5,7.7,0.55,60,Kha'Zix,213.1,7.8,2.35,5.4,5.2,6.8,0.45,42,Nocturne,194.1,7.6,2.86,4.9,4.4,7.5,0.53,34,Wukong,27,18,9,0.67,Jarvan IV,9,6,3,0.67,Elise,8,5,3,0.63,Elise,170,Kha'Zix,162,Jarvan IV,129,Shyvana,51,Nocturne,46,Evelynn,40,Wukong,28,Ezreal,25,Brand,25,Diana,16,Karma,15,Gragas,13,Zyra,12,Neeko,12,Ahri,10,,0
Agurin-EUW,euw,"Fri, Jan 3, 2025 11:54 PM",Wukong,15,red,1,23.03,7,3,5,4.00,0.48,1.56,197,8.6,2,Fool Night #Ivy,Aurora,Dr Orange #Caps,Sylas,Sintemon #gumo,Ashe,ScoobaTroopah #10000,Blitzcrank,modernillo #moder,Ambessa,Eternal Blizzard #carot,Viego,J1HUIV #000,Karma,Beanovich #bean,Varus,niudefuwuqi2007 #8085,Braum,20,14,6,0.7,6.1,4.5,8.5,3.24,0.53,Wukong,0.62,8,5,2.39,Elise,0.8,4,1,4.94,Jarvan IV,1.0,2,0,8.17,0.0,1.0,0.0,0.0,0.0,JUNGLE,MID,1.0,0.0,Wukong,198,7.2,2.99,6.2,4.6,7.6,0.61,193,Elise,195.4,7.2,3.1,6.7,4.5,7.2,0.58,138,Neeko,205.5,7.7,3.26,6.5,4.1,6.9,0.49,82,Jarvan IV,196.2,7,3.94,5.8,4.6,12.4,0.55,65,Karma,165.5,6.6,1.92,2.9,5.5,7.7,0.55,60,Kha'Zix,213.1,7.8,2.35,5.4,5.2,6.8,0.45,42,Nocturne,194.1,7.6,2.86,4.9,4.4,7.5,0.53,34,Wukong,27,18,9,0.67,Jarvan IV,9,6,3,0.67,Elise,8,5,3,0.63,Elise,170,Kha'Zix,162,Jarvan IV,129,Shyvana,51,Nocturne,46,Evelynn,40,Wukong,28,Ezreal,25,Brand,25,Diana,16,Karma,15,Gragas,13,Zyra,12,Neeko,12,Ahri,10,,0
Agurin-EUW,euw,"Fri, Jan 3, 2025 11:23 PM",Jarvan IV,17,blue,1,31.22,1,4,20,5.25,0.54,0.67,217,7.0,2,Vertigo #4810,Ambessa,LëFacteur Chance #EUW,Akali,Chrisberg #6103,Corki,raikooooo #EUW,Blitzcrank,modernillo #moder,Gragas,mikusik998 #gaz,Bel'Veth,Imma touch you #131,Hwei,Beanovich #bean,Kalista,Jordæn #EUW,Pantheon,20,14,6,0.7,6.1,4.5,8.5,3.24,0.53,Wukong,0.62,8,5,2.39,Elise,0.8,4,1,4.94,Jarvan IV,1.0,2,0,8.17,0.0,1.0,0.0,0.0,0.0,JUNGLE,MID,1.0,0.0,Wukong,198,7.2,2.99,6.2,4.6,7.6,0.61,193,Elise,195.4,7.2,3.1,6.7,4.5,7.2,0.58,138,Neeko,205.5,7.7,3.26,6.5,4.1,6.9,0.49,82,Jarvan IV,196.2,7,3.94,5.8,4.6,12.4,0.55,65,Karma,165.5,6.6,1.92,2.9,5.5,7.7,0.55,60,Kha'Zix,213.1,7.8,2.35,5.4,5.2,6.8,0.45,42,Nocturne,194.1,7.6,2.86,4.9,4.4,7.5,0.53,34,Wukong,27,18,9,0.67,Jarvan IV,9,6,3,0.67,Elise,8,5,3,0.63,Elise,170,Kha'Zix,162,Jarvan IV,129,Shyvana,51,Nocturne,46,Evelynn,40,Wukong,28,Ezreal,25,Brand,25,Diana,16,Karma,15,Gragas,13,Zyra,12,Neeko,12,Ahri,10,,0
Agurin-EUW,euw,"Fri, Jan 3, 2025 10:40 PM",Elise,16,red,1,29.27,6,3,18,8.00,0.71,1.27,197,6.7,2,blueskies777 #EUW,Renekton,Return to dust #Dust,Viktor,Beanovich #bean,Jinx,twojstary2komary #win,Rakan,나프켈라 #BOAT,Jax,bluerzor #grind,Skarner,LëFacteur Chance #EUW,Akali,Dr Mango #Hans,Kalista,Sergeant Sona #KJP,Lulu,20,14,6,0.7,6.1,4.5,8.5,3.24,0.53,Wukong,0.62,8,5,2.39,Elise,0.8,4,1,4.94,Jarvan IV,1.0,2,0,8.17,0.0,1.0,0.0,0.0,0.0,JUNGLE,MID,1.0,0.0,Wukong,198,7.2,2.99,6.2,4.6,7.6,0.61,193,Elise,195.4,7.2,3.1,6.7,4.5,7.2,0.58,138,Neeko,205.5,7.7,3.26,6.5,4.1,6.9,0.49,82,Jarvan IV,196.2,7,3.94,5.8,4.6,12.4,0.55,65,Karma,165.5,6.6,1.92,2.9,5.5,7.7,0.55,60,Kha'Zix,213.1,7.8,2.35,5.4,5.2,6.8,0.45,42,Nocturne,194.1,7.6,2.86,4.9,4.4,7.5,0.53,34,Wukong,27,18,9,0.67,Jarvan IV,9,6,3,0.67,Elise,8,5,3,0.63,Elise,170,Kha'Zix,162,Jarvan IV,129,Shyvana,51,Nocturne,46,Evelynn,40,Wukong,28,Ezreal,25,Brand,25,Diana,16,Karma,15,Gragas,13,Zyra,12,Neeko,12,Ahri,10,,0
Agurin-EUW,euw,"Fri, Jan 3, 2025 9:59 PM",Wukong,15,red,1,23.2,10,3,4,4.67,0.54,1.38,203,8.8,2,yuqi #golem,Galio,Mein Königreich #917n3,Sylas,batubabaHOPPALA #HOPPA,Varus,MORG3NSHTERN #EUW,Rakan,KOI Spooder #1352,Rumble,mikusik998 #gaz,Bel'Veth,RKR #123,Viktor,supershy #jblss,Ashe,Drututts Lisp #EUW,Gragas,20,14,6,0.7,6.1,4.5,8.5,3.24,0.53,Wukong,0.62,8,5,2.39,Elise,0.8,4,1,4.94,Jarvan IV,1.0,2,0,8.17,0.0,1.0,0.0,0.0,0.0,JUNGLE,MID,1.0,0.0,Wukong,198,7.2,2.99,6.2,4.6,7.6,0.61,193,Elise,195.4,7.2,3.1,6.7,4.5,7.2,0.58,138,Neeko,205.5,7.7,3.26,6.5,4.1,6.9,0.49,82,Jarvan IV,196.2,7,3.94,5.8,4.6,12.4,0.55,65,Karma,165.5,6.6,1.92,2.9,5.5,7.7,0.55,60,Kha'Zix,213.1,7.8,2.35,5.4,5.2,6.8,0.45,42,Nocturne,194.1,7.6,2.86,4.9,4.4,7.5,0.53,34,Wukong,27,18,9,0.67,Jarvan IV,9,6,3,0.67,Elise,8,5,3,0.63,Elise,170,Kha'Zix,162,Jarvan IV,129,Shyvana,51,Nocturne,46,Evelynn,40,Wukong,28,Ezreal,25,Brand,25,Diana,16,Karma,15,Gragas,13,Zyra,12,Neeko,12,Ahri,10,,0
Agurin-EUW,euw,"Fri, Jan 3, 2025 9:13 PM",Elise,16,red,1,28.07,8,2,12,10.00,0.51,0.75,207,7.4,1,washed úp #EUW,Gwen,SMRADOCH RANDOM #EUW,Ziggs,RKR #123,Ashe,Frank Castle #2610,Blitzcrank,Shourdy #EUW,K'Sante,Purple Place #Moe,Rengar,WORLDS2025 #AIS,Irelia,Odysseus #131,Taliyah,Sergeant Sona #KJP,Sona,20,14,6,0.7,6.1,4.5,8.5,3.24,0.53,Wukong,0.62,8,5,2.39,Elise,0.8,4,1,4.94,Jarvan IV,1.0,2,0,8.17,0.0,1.0,0.0,0.0,0.0,JUNGLE,MID,1.0,0.0,Wukong,198,7.2,2.99,6.2,4.6,7.6,0.61,193,Elise,195.4,7.2,3.1,6.7,4.5,7.2,0.58,138,Neeko,205.5,7.7,3.26,6.5,4.1,6.9,0.49,82,Jarvan IV,196.2,7,3.94,5.8,4.6,12.4,0.55,65,Karma,165.5,6.6,1.92,2.9,5.5,7.7,0.55,60,Kha'Zix,213.1,7.8,2.35,5.4,5.2,6.8,0.45,42,Nocturne,194.1,7.6,2.86,4.9,4.4,7.5,0.53,34,Wukong,27,18,9,0.67,Jarvan IV,9,6,3,0.67,Elise,8,5,3,0.63,Elise,170,Kha'Zix,162,Jarvan IV,129,Shyvana,51,Nocturne,46,Evelynn,40,Wukong,28,Ezreal,25,Brand,25,Diana,16,Karma,15,Gragas,13,Zyra,12,Neeko,12,Ahri,10,,0
Agurin-EUW,euw,"Fri, Jan 3, 2025 8:38 PM",Wukong,12,red,0,21.68,3,5,7,2.00,0.48,0.67,141,6.5,2,e7c3c0fd cee3 4399 877b baf89c9f6f46 #EUW,Volibear,wymówkomat #escik,Ahri,Percy Magic #1234,Kalista,cross the edge #fear,Nautilus,ΑrchΦiend #666,Aatrox,Razørk Activoo #razzz,Xin Zhao,yebit #haha,Taliyah,RKR #123,Ashe,Shourdy #EUW,Sylas,20,14,6,0.7,6.1,4.5,8.5,3.24,0.53,Wukong,0.62,8,5,2.39,Elise,0.8,4,1,4.94,Jarvan IV,1.0,2,0,8.17,0.0,1.0,0.0,0.0,0.0,JUNGLE,MID,1.0,0.0,Wukong,198,7.2,2.99,6.2,4.6,7.6,0.61,193,Elise,195.4,7.2,3.1,6.7,4.5,7.2,0.58,138,Neeko,205.5,7.7,3.26,6.5,4.1,6.9,0.49,82,Jarvan IV,196.2,7,3.94,5.8,4.6,12.4,0.55,65,Karma,165.5,6.6,1.92,2.9,5.5,7.7,0.55,60,Kha'Zix,213.1,7.8,2.35,5.4,5.2,6.8,0.45,42,Nocturne,194.1,7.6,2.86,4.9,4.4,7.5,0.53,34,Wukong,27,18,9,0.67,Jarvan IV,9,6,3,0.67,Elise,8,5,3,0.63,Elise,170,Kha'Zix,162,Jarvan IV,129,Shyvana,51,Nocturne,46,Evelynn,40,Wukong,28,Ezreal,25,Brand,25,Diana,16,Karma,15,Gragas,13,Zyra,12,Neeko,12,Ahri,10,,0
