rank,champion,tier,role,win_rate,pick_rate,ban_rate,counter1,counter2,counter3
1,Irelia,1,top,0.5189,0.0575,0.0969,Warwick,Volibear,Zac
2,Maokai,1,top,0.5158,0.0622,0.0331,Olaf,Mordekaiser,Heimerdinger
3,Warwick,1,top,0.5253,0.0302,0.08289999999999999,Cassiopeia,Teemo,Heimerdinger
4,Aatrox,1,top,0.5025,0.08529999999999999,0.1024,Cassiopeia,Warwick,Irelia
5,Riven,1,top,0.5143,0.052000000000000005,0.0269,Quinn,Maokai,Kennen
6,Gragas,1,top,0.5125,0.049,0.0229,Vayne,Cho'Gath,Maokai
7,Darius,1,top,0.5056,0.0625,0.1335,Cassiopeia,Teemo,Wukong
8,Malphite,1,top,0.5129,0.044199999999999996,0.0617,Maokai,Dr. Mundo,Ornn
9,Volibear,2,top,0.5089,0.048799999999999996,0.0338,Quinn,Teemo,Kennen
10,Ornn,2,top,0.5124,0.0387,0.005600000000000001,Warwick,Cassiopeia,Dr. Mundo
11,Cho'Gath,2,top,0.5184000000000001,0.0287,0.0045000000000000005,Dr. Mundo,Ornn,Irelia
12,Mordekaiser,2,top,0.5062,0.048,0.057800000000000004,Cassiopeia,Heimerdinger,Vayne
13,Camille,2,top,0.5107,0.0401,0.018799999999999997,Zac,Ryze,Heimerdinger
14,Renekton,2,top,0.5002,0.058600000000000006,0.0484,Cassiopeia,Warwick,Teemo
15,Tahm Kench,2,top,0.511,0.032799999999999996,0.0412,Wukong,Heimerdinger,Kennen
16,Dr. Mundo,2,top,0.5086999999999999,0.0371,0.0196,Udyr,Riven,Warwick
17,Teemo,2,top,0.5146999999999999,0.0255,0.033,Cassiopeia,Ryze,Olaf
18,Shen,2,top,0.5108,0.031400000000000004,0.0038,Cassiopeia,Teemo,Tryndamere
19,Sett,2,top,0.5025,0.0444,0.0089,Zac,Warwick,Volibear
20,K'Sante,2,top,0.48950000000000005,0.0702,0.0776,Singed,Kayle,Kennen
21,Kayle,2,top,0.5161,0.0218,0.0066,Viktor,Malphite,Cassiopeia
22,Fiora,2,top,0.5036999999999999,0.0366,0.0584,Quinn,Ryze,Warwick
23,Gnar,2,top,0.499,0.0453,0.0196,Quinn,Malphite,Vladimir
24,Poppy,3,top,0.516,0.0181,0.0285,Cassiopeia,Warwick,Olaf
25,Ambessa,3,top,0.4867,0.0536,0.2899,Warwick,Camille,Irelia
26,Gwen,3,top,0.5068,0.0288,0.024700000000000003,Warwick,Singed,Viktor
27,Viktor,3,top,0.4991,0.0174,0.0344,Tryndamere,Kled,Irelia
28,Sion,3,top,0.4985,0.0378,0.0048,Dr. Mundo,Gwen,Riven
29,Trundle,3,top,0.5141,0.018799999999999997,0.0043,Urgot,Heimerdinger,Warwick
30,Urgot,3,top,0.5108,0.0218,0.0036,Cassiopeia,Kayle,Aurora
31,Garen,3,top,0.49439999999999995,0.0438,0.0212,Camille,Maokai,Tryndamere
32,Vladimir,3,top,0.5084000000000001,0.022400000000000003,0.0183,Cassiopeia,Nasus,Akali
33,Singed,3,top,0.5144,0.0177,0.0025,Trundle,Ryze,Udyr
34,Jax,3,top,0.48950000000000005,0.049699999999999994,0.07139999999999999,Cassiopeia,Vladimir,Dr. Mundo
35,Olaf,3,top,0.5163,0.015300000000000001,0.0096,Vayne,Heimerdinger,Udyr
36,Tryndamere,3,top,0.5064,0.0231,0.0134,Warwick,Tahm Kench,Volibear
37,Cassiopeia,3,top,0.5294,0.0075,0.0045000000000000005,Udyr,Quinn,Kled
38,Yorick,3,top,0.5012,0.0258,0.0264,Warwick,Tryndamere,Gwen
39,Kennen,3,top,0.5127,0.015300000000000001,0.0087,Udyr,Galio,Cassiopeia
40,Zac,3,top,0.5174,0.011699999999999999,0.0069,Galio,Volibear,Heimerdinger
41,Jayce,3,top,0.4825,0.056900000000000006,0.018500000000000003,Quinn,Tahm Kench,Irelia
42,Nasus,3,top,0.49920000000000003,0.0271,0.0321,Zac,Ryze,Heimerdinger
43,Kled,3,top,0.5122,0.014199999999999999,0.005,Akali,Rumble,Camille
44,Gangplank,3,top,0.4939,0.0323,0.011899999999999999,Cho'Gath,Quinn,Kled
45,Ryze,3,top,0.517,0.0108,0.0013,Zac,Irelia,Pantheon
46,Pantheon,3,top,0.5025999999999999,0.020499999999999997,0.0048,Heimerdinger,Malphite,Maokai
47,Wukong,3,top,0.5127,0.0118,0.0051,Cassiopeia,Singed,Ryze
48,Yone,3,top,0.47659999999999997,0.055,0.0431,Irelia,Riven,Wukong
49,Illaoi,4,top,0.4939,0.0235,0.0509,Heimerdinger,Kayle,Teemo
50,Aurora,4,top,0.49340000000000006,0.019,0.041100000000000005,Akali,Irelia,Wukong
51,Yasuo,4,top,0.4849,0.023799999999999998,0.0385,Singed,Cassiopeia,Riven
52,Heimerdinger,4,top,0.5089,0.0092,0.0044,Ryze,Galio,Cassiopeia
53,Quinn,4,top,0.5115999999999999,0.0076,0.0024,Olaf,Maokai,Malphite
54,Akali,4,top,0.4926,0.0155,0.019299999999999998,Galio,Poppy,Maokai
55,Sylas,4,top,0.4882,0.0159,0.015,Poppy,Urgot,Kled
1,Warwick,1,jungle,0.516,0.0548,0.1505,Rek'Sai,Ivern,Nunu & Willump
2,Wukong,1,jungle,0.5146000000000001,0.0667,0.0291,Zyra,Ivern,Karthus
3,Viego,1,jungle,0.5003,0.1677,0.1343,Rammus,Qiyana,Bel'Veth
4,Graves,1,jungle,0.5021,0.1359,0.1909,Gwen,Qiyana,Rammus
5,Nocturne,1,jungle,0.512,0.0574,0.0784,Udyr,Gwen,Nunu & Willump
6,Kayn,1,jungle,0.5092,0.0735,0.051699999999999996,Kindred,Fiddlesticks,Wukong
7,Kha'Zix,1,jungle,0.5081,0.0729,0.0633,Fiddlesticks,Zyra,Shaco
8,Nunu & Willump,1,jungle,0.5161,0.0332,0.0069,Qiyana,Pantheon,Bel'Veth
9,Shaco,1,jungle,0.5113,0.0466,0.1303,Briar,Nunu & Willump,Karthus
10,Lee Sin,1,jungle,0.4965,0.17,0.1139,Shaco,Warwick,Rek'Sai
11,Ekko,1,jungle,0.5088,0.054900000000000004,0.0104,Pantheon,Ivern,Rengar
12,Elise,2,jungle,0.5047999999999999,0.048799999999999996,0.054900000000000004,Nocturne,Shaco,Qiyana
13,Jarvan IV,2,jungle,0.5036999999999999,0.0558,0.014199999999999999,Jax,Gwen,Bel'Veth
14,Bel'Veth,2,jungle,0.5112,0.0263,0.0449,Sejuani,Wukong,Ivern
15,Xin Zhao,2,jungle,0.5081,0.0359,0.0053,Pantheon,Jax,Gwen
16,Skarner,2,jungle,0.5058,0.0392,0.0882,Lillia,Udyr,Gwen
17,Hecarim,2,jungle,0.5042,0.046799999999999994,0.0329,Ivern,Volibear,Udyr
18,Udyr,2,jungle,0.5111,0.0235,0.024399999999999998,Qiyana,Briar,Ekko
19,Fiddlesticks,2,jungle,0.5108,0.0246,0.0137,Nunu & Willump,Rammus,Shaco
20,Diana,2,jungle,0.5033,0.0466,0.0139,Dr. Mundo,Warwick,Briar
21,Briar,2,jungle,0.5089,0.0259,0.0253,Pantheon,Jax,Teemo
22,Rek'Sai,2,jungle,0.514,0.0159,0.006500000000000001,Dr. Mundo,Karthus,Volibear
23,Master Yi,2,jungle,0.5025999999999999,0.0452,0.0703,Shaco,Elise,Warwick
24,Karthus,2,jungle,0.5061,0.028399999999999998,0.0596,Shyvana,Volibear,Ivern
25,Vi,3,jungle,0.49560000000000004,0.0646,0.0171,Rek'Sai,Dr. Mundo,Wukong
26,Kindred,3,jungle,0.5005,0.0392,0.029500000000000002,Ivern,Qiyana,Rek'Sai
27,Ivern,3,jungle,0.5115,0.0131,0.0051,Rek'Sai,Nunu & Willump,Amumu
28,Talon,3,jungle,0.5051,0.0217,0.0067,Bel'Veth,Pantheon,Rengar
29,Gwen,3,jungle,0.5105,0.0116,0.009899999999999999,Bel'Veth,Master Yi,Qiyana
30,Volibear,3,jungle,0.5039,0.0197,0.013600000000000001,Jax,Ivern,Pantheon
31,Rammus,3,jungle,0.5075999999999999,0.0139,0.028300000000000002,Pantheon,Lillia,Dr. Mundo
32,Zyra,3,jungle,0.5058,0.015,0.009000000000000001,Gwen,Karthus,Evelynn
33,Amumu,3,jungle,0.49979999999999997,0.0273,0.015300000000000001,Zed,Pantheon,Karthus
34,Evelynn,3,jungle,0.501,0.0218,0.033,Taliyah,Briar,Bel'Veth
35,Taliyah,3,jungle,0.5036999999999999,0.016200000000000003,0.0045000000000000005,Dr. Mundo,Zed,Qiyana
36,Nidalee,3,jungle,0.4929,0.044800000000000006,0.0321,Rammus,Briar,Nocturne
37,Zac,3,jungle,0.4946,0.0347,0.0206,Ivern,Qiyana,Taliyah
38,Shyvana,3,jungle,0.5036,0.0149,0.003,Nunu & Willump,Bel'Veth,Udyr
39,Lillia,3,jungle,0.495,0.033,0.0325,Qiyana,Talon,Briar
40,Zed,3,jungle,0.5005,0.0143,0.0305,Xin Zhao,Dr. Mundo,Master Yi
41,Rengar,3,jungle,0.49229999999999996,0.0316,0.0483,Rammus,Gwen,Briar
42,Pantheon,3,jungle,0.5058,0.0072,0.0017000000000000001,Dr. Mundo,Lillia,Wukong
43,Qiyana,4,jungle,0.5052,0.0063,0.0015,Volibear,Shaco,Skarner
44,Poppy,4,jungle,0.4961,0.0088,0.0139,Rammus,Warwick,Pantheon
45,Gragas,4,jungle,0.4843,0.0288,0.013500000000000002,Nocturne,Dr. Mundo,Skarner
46,Sejuani,4,jungle,0.484,0.0248,0.0029,Dr. Mundo,Qiyana,Rek'Sai
47,Jax,4,jungle,0.496,0.005600000000000001,0.008100000000000001,Amumu,Gragas,Udyr
48,Dr. Mundo,4,jungle,0.4964,0.0051,0.0027,Qiyana,Gwen,Ivern
49,Teemo,4,jungle,0.4879,0.011000000000000001,0.0143,Qiyana,Zyra,Gwen
50,Ambessa,5,jungle,0.4382,0.0095,0.051500000000000004,Rammus,Qiyana,Kindred
1,Viktor,1,mid,0.5055,0.1801,0.35840000000000005,Akali,Ekko,Xerath
2,Vex,1,mid,0.5251,0.0338,0.0525,Cho'Gath,Annie,Vel'Koz
3,Ahri,1,mid,0.5085999999999999,0.09699999999999999,0.041299999999999996,Cassiopeia,Akshan,Cho'Gath
4,Sylas,2,mid,0.5,0.10300000000000001,0.09820000000000001,Taliyah,Garen,Vex
5,Galio,2,mid,0.5099,0.0525,0.0364,Garen,Cho'Gath,Swain
6,Irelia,2,mid,0.5122,0.0374,0.0635,Vex,Malphite,Taliyah
7,Anivia,2,mid,0.5216,0.0217,0.0147,Garen,Neeko,Gragas
8,Akali,2,mid,0.5031,0.0719,0.09,Twisted Fate,Taliyah,Akshan
9,Katarina,2,mid,0.5039,0.061799999999999994,0.0669,Kayle,Malphite,Cho'Gath
10,Lux,2,mid,0.509,0.039599999999999996,0.015700000000000002,Naafiri,Aurelion Sol,Vel'Koz
11,Taliyah,2,mid,0.5206000000000001,0.0177,0.0049,Annie,Kayle,Fizz
12,Hwei,2,mid,0.5027,0.0588,0.0553,Katarina,Talon,Fizz
13,Syndra,2,mid,0.5011,0.060899999999999996,0.0379,Ekko,Cho'Gath,Katarina
14,Aurora,2,mid,0.5017,0.051699999999999996,0.1125,Vex,Vel'Koz,Qiyana
15,Talon,2,mid,0.511,0.0288,0.009000000000000001,Malphite,Cho'Gath,Garen
16,Lissandra,2,mid,0.5099,0.0316,0.014499999999999999,Cho'Gath,Garen,Vel'Koz
17,Akshan,2,mid,0.5136999999999999,0.023,0.0208,Kayle,Annie,Anivia
18,Malzahar,2,mid,0.507,0.037000000000000005,0.0362,Kayle,Garen,Malphite
19,Qiyana,2,mid,0.5135000000000001,0.022000000000000002,0.0054,Neeko,Garen,Vel'Koz
20,Veigar,2,mid,0.5096,0.0286,0.005699999999999999,Cassiopeia,Xerath,Naafiri
21,Ekko,2,mid,0.5075999999999999,0.030899999999999997,0.0058,Garen,Qiyana,Kassadin
22,Cassiopeia,2,mid,0.5168,0.015700000000000002,0.0096,Neeko,Taliyah,Talon
23,Xerath,2,mid,0.5064,0.032,0.0253,Garen,Naafiri,Cho'Gath
24,Vel'Koz,2,mid,0.5184000000000001,0.013300000000000001,0.0028000000000000004,Ziggs,Naafiri,Kayle
25,Yasuo,2,mid,0.4921,0.07719999999999999,0.1259,Annie,Taliyah,Vex
26,Diana,2,mid,0.509,0.0248,0.0074,Pantheon,Neeko,Brand
27,Ryze,2,mid,0.5079,0.0271,0.0033,Cassiopeia,Neeko,Taliyah
28,Zoe,2,mid,0.5088,0.0241,0.0102,Naafiri,Cho'Gath,Garen
29,Zed,2,mid,0.4943,0.0593,0.1272,Cho'Gath,Kayle,Akshan
30,Kassadin,2,mid,0.5065999999999999,0.0265,0.0311,Brand,Naafiri,Cho'Gath
31,Garen,3,mid,0.5256000000000001,0.0054,0.0026,Annie,Ryze,Aurelion Sol
32,Vladimir,3,mid,0.5012,0.0327,0.0269,Anivia,Cho'Gath,Vel'Koz
33,Aurelion Sol,3,mid,0.5082,0.019799999999999998,0.0070999999999999995,Zed,Qiyana,Vel'Koz
34,Fizz,3,mid,0.5024000000000001,0.0297,0.0335,Akali,Garen,Akshan
35,Naafiri,3,mid,0.5152,0.0101,0.0040999999999999995,Cho'Gath,Neeko,Irelia
36,Neeko,3,mid,0.5203,0.0063,0.002,Lissandra,Taliyah,Vladimir
37,Annie,3,mid,0.5133,0.0102,0.0016,Neeko,Gragas,Ekko
38,Orianna,3,mid,0.4936,0.0429,0.0079,Garen,Ziggs,Cho'Gath
39,Twisted Fate,3,mid,0.49939999999999996,0.026600000000000002,0.0023,Diana,Naafiri,Neeko
40,Gragas,3,mid,0.5111,0.0102,0.0048,Cho'Gath,Vel'Koz,Cassiopeia
41,Yone,3,mid,0.48219999999999996,0.0745,0.0587,Vex,Akshan,Cho'Gath
42,Cho'Gath,3,mid,0.5191,0.0052,0.0008,Neeko,Ziggs,Qiyana
43,LeBlanc,3,mid,0.48719999999999997,0.0483,0.17350000000000002,Garen,Naafiri,Pantheon
44,Malphite,3,mid,0.5108,0.0077,0.0108,Cassiopeia,Lissandra,Ryze
45,Kayle,3,mid,0.5139,0.006500000000000001,0.002,Neeko,Annie,Corki
46,Swain,3,mid,0.4965,0.0176,0.0104,Kayle,Cassiopeia,Garen
47,Pantheon,4,mid,0.506,0.0066,0.0015,Vel'Koz,Swain,Anivia
48,Ambessa,4,mid,0.4959,0.0069,0.037599999999999995,Cho'Gath,Corki,Taliyah
49,Azir,4,mid,0.48619999999999997,0.022099999999999998,0.003,Neeko,Annie,Kayle
50,Jayce,4,mid,0.484,0.0212,0.0069,Naafiri,Vel'Koz,Brand
51,Brand,4,mid,0.5027,0.0051,0.0026,Garen,Neeko,Anivia
52,Ziggs,4,mid,0.4903,0.0066,0.0017000000000000001,Brand,Garen,Neeko
53,Corki,4,mid,0.48210000000000003,0.0096,0.0087,Garen,Malphite,Gragas
54,Smolder,5,mid,0.4267,0.0165,0.0067,Neeko,Diana,Kayle
1,Viktor,1,adc,0.5268,0.0223,0.0447,Karthus,Vayne,Yasuo
2,Nilah,1,adc,0.5364,0.018600000000000002,0.0351,Veigar,Hwei,Brand
3,Jinx,1,adc,0.5058,0.21359999999999998,0.042699999999999995,Seraphine,Lux,Viktor
4,Miss Fortune,1,adc,0.5196999999999999,0.0673,0.0072,Karthus,Seraphine,Yasuo
5,Ashe,1,adc,0.5047,0.1618,0.1822,Karthus,Lux,Nilah
6,Kog'Maw,2,adc,0.526,0.0255,0.0169,Karthus,Seraphine,Yasuo
7,Jhin,2,adc,0.5004,0.19269999999999998,0.0378,Nilah,Yasuo,Seraphine
8,Caitlyn,2,adc,0.4955,0.1973,0.2792,Lux,Brand,Ziggs
9,Vayne,2,adc,0.5154,0.0472,0.0262,Veigar,Nilah,Tristana
10,Corki,2,adc,0.5082,0.0673,0.061900000000000004,Veigar,Kog'Maw,Seraphine
11,Karthus,2,adc,0.535,0.0059,0.0127,Nilah,Hwei,Vayne
12,Seraphine,2,adc,0.529,0.0101,0.0022,Karthus,Brand,Lux
13,Lux,2,adc,0.5281,0.01,0.004,Karthus,Yasuo,Ziggs
14,Sivir,2,adc,0.5099,0.0495,0.009300000000000001,Viktor,Seraphine,Kog'Maw
15,Draven,2,adc,0.5054,0.0625,0.2267,Lux,Seraphine,Swain
16,Hwei,2,adc,0.5235,0.013600000000000001,0.0129,Viktor,Brand,Seraphine
17,Ezreal,3,adc,0.49060000000000004,0.1655,0.051100000000000007,Karthus,Nilah,Yasuo
18,Lucian,3,adc,0.5035000000000001,0.0605,0.0088,Karthus,Brand,Nilah
19,Ziggs,3,adc,0.5164,0.020499999999999997,0.0053,Yasuo,Viktor,Vayne
20,Xayah,3,adc,0.5085999999999999,0.0397,0.0058,Viktor,Miss Fortune,Hwei
21,Yasuo,3,adc,0.5211,0.010700000000000001,0.0176,Nilah,Karthus,Swain
22,Brand,4,adc,0.5232,0.0079,0.0040999999999999995,Karthus,Yasuo,Lux
23,Tristana,4,adc,0.5056,0.034300000000000004,0.0037,Yasuo,Karthus,Corki
24,Swain,4,adc,0.5143,0.0154,0.0092,Veigar,Vayne,Hwei
25,Kai'Sa,4,adc,0.489,0.1199,0.017,Karthus,Nilah,Yasuo
26,Varus,4,adc,0.4955,0.07200000000000001,0.011200000000000002,Hwei,Ziggs,Karthus
27,Veigar,4,adc,0.5212,0.0067,0.0013,Lux,Kog'Maw,Karthus
28,Smolder,4,adc,0.4939,0.061500000000000006,0.0254,Lux,Yasuo,Brand
29,Twitch,4,adc,0.5015999999999999,0.0325,0.0141,Karthus,Nilah,Yasuo
30,Zeri,5,adc,0.4984,0.0286,0.003,Karthus,Swain,Brand
31,Samira,5,adc,0.4924,0.0344,0.0521,Veigar,Viktor,Nilah
32,Aphelios,5,adc,0.4853,0.0453,0.0070999999999999995,Brand,Nilah,Yasuo
33,Kalista,5,adc,0.4828,0.0208,0.0053,Kog'Maw,Nilah,Brand
1,Lulu,1,support,0.5167,0.15,0.1791,Fiddlesticks,Tahm Kench,Elise
2,Nami,1,support,0.5131,0.10369999999999999,0.0101,Fiddlesticks,Elise,Galio
3,Tahm Kench,2,support,0.5184000000000001,0.0508,0.0632,Janna,Elise,Taric
4,Janna,2,support,0.5172,0.060700000000000004,0.021400000000000002,Zoe,Blitzcrank,Sona
5,Thresh,2,support,0.5049,0.1286,0.0546,Taric,Elise,Zyra
6,Poppy,2,support,0.52,0.034300000000000004,0.0535,Taric,Sona,Vel'Koz
7,Braum,3,support,0.5107,0.0617,0.0545,Senna,Vel'Koz,Elise
8,Senna,3,support,0.5108,0.0593,0.0169,Elise,Vel'Koz,Pyke
9,Pyke,3,support,0.5035000000000001,0.08039999999999999,0.3079,Elise,Maokai,Poppy
10,Rell,3,support,0.5133,0.04650000000000001,0.0233,Taric,Poppy,Janna
11,Soraka,3,support,0.5121,0.049100000000000005,0.0187,Elise,Galio,Sylas
12,Taric,3,support,0.5263,0.0174,0.0036,Fiddlesticks,Soraka,Janna
13,Karma,3,support,0.5015999999999999,0.0965,0.039900000000000005,Maokai,Fiddlesticks,Pyke
14,Sona,3,support,0.518,0.0263,0.0012,Elise,Zac,Camille
15,Vel'Koz,3,support,0.5147999999999999,0.030600000000000002,0.0063,Camille,Elise,LeBlanc
16,Milio,3,support,0.5049,0.0594,0.0327,Maokai,Elise,Tahm Kench
17,Bard,3,support,0.509,0.0441,0.0060999999999999995,Elise,Tahm Kench,Fiddlesticks
18,Elise,3,support,0.5295000000000001,0.0083,0.0092,Shen,Pantheon,Galio
19,Maokai,3,support,0.512,0.027999999999999997,0.0147,Taric,Elise,Galio
20,Leona,4,support,0.49829999999999997,0.0572,0.0496,Janna,Galio,Taric
21,Blitzcrank,4,support,0.4961,0.0602,0.17309999999999998,Elise,Taric,Braum
22,Zilean,4,support,0.5075999999999999,0.028900000000000002,0.008199999999999999,Galio,Sona,LeBlanc
23,Zyra,4,support,0.5049,0.030899999999999997,0.0183,Taric,Tahm Kench,Sylas
24,Lux,4,support,0.4925,0.0703,0.0274,Poppy,Shen,LeBlanc
25,Xerath,4,support,0.5001,0.039,0.030299999999999997,Elise,Shen,Zoe
26,Rakan,4,support,0.498,0.046799999999999994,0.0062,Elise,Poppy,Janna
27,Nautilus,4,support,0.4885,0.0814,0.12390000000000001,Taric,Renata Glasc,Rell
28,Morgana,4,support,0.4997,0.0352,0.11380000000000001,Shaco,Sona,Xerath
29,Seraphine,4,support,0.49829999999999997,0.0374,0.008,Elise,Vel'Koz,Poppy
30,Yuumi,4,support,0.48869999999999997,0.0591,0.0725,Taric,Rell,Braum
31,Neeko,4,support,0.5046,0.0196,0.0063,Fiddlesticks,Camille,Poppy
32,Alistar,4,support,0.4927,0.0364,0.0125,Janna,Soraka,Morgana
33,Pantheon,4,support,0.5012,0.019299999999999998,0.0044,Taric,LeBlanc,Janna
34,Renata Glasc,4,support,0.499,0.021099999999999997,0.0037,Vel'Koz,Hwei,Xerath
35,LeBlanc,5,support,0.5038,0.0095,0.0336,Taric,Galio,Poppy
36,Brand,5,support,0.4972,0.0192,0.0098,Galio,Camille,Shaco
37,Shaco,5,support,0.49770000000000003,0.014199999999999999,0.0392,Hwei,Zoe,Lulu
38,Sylas,5,support,0.49689999999999995,0.014199999999999999,0.013300000000000001,Poppy,Renata Glasc,Camille
39,Galio,5,support,0.5029,0.008100000000000001,0.0055000000000000005,Milio,Janna,Neeko
40,Zoe,5,support,0.5002,0.009899999999999999,0.0040999999999999995,Taric,Elise,Maokai
41,Fiddlesticks,5,support,0.5067,0.0052,0.0029,Poppy,Maokai,Renata Glasc
42,Shen,5,support,0.5009,0.0059,0.0007000000000000001,Galio,Taric,Swain
43,Camille,5,support,0.49950000000000006,0.0058,0.0027,LeBlanc,Galio,Elise
44,Swain,5,support,0.47590000000000005,0.0226,0.0132,Fiddlesticks,Sona,Brand
45,Hwei,5,support,0.4879,0.0086,0.008,LeBlanc,Zoe,Elise
46,Zac,5,support,0.4816,0.0053,0.0031,Taric,LeBlanc,Poppy
